Date,open,high,low,close,volume
2018-01-03,131.03,132.2,130.63,132.2,10533920
2018-01-04,132.5,136.2,132.3,135.89,32096510
2018-01-05,135.6,137.12,135.08,137.12,19981160
2018-01-09,138.0,141.35,137.6,140.0,52493430
2018-01-10,140.49,143.43,139.58,143.43,51773200
2018-01-11,143.21,144.8,142.31,144.58,38582520
2018-01-12,144.21,144.54,141.64,143.99,36776240
2018-01-15,144.32,145.5,142.6,142.99,30052200
2018-01-16,143.17,145.35,141.89,145.29,36991010
2018-01-17,144.51,149.2,143.31,148.7,64093180
2018-01-18,148.79,150.35,148.13,150.35,53941270
2018-01-19,149.82,151.0,148.4,149.13,39015810
2018-01-22,149.1,150.3,148.85,150.3,22751050
2018-01-23,150.91,151.65,147.71,148.8,35791450
2018-01-24,148.59,149.7,146.6,149.7,24841860
2018-01-25,150.0,151.39,149.27,149.8,41958600
2018-01-26,149.37,149.55,146.01,147.19,35282020
2018-01-29,146.67,147.29,144.15,144.75,36079000
2018-01-30,143.9,146.43,142.37,143.5,51325700
2018-01-31,142.98,144.5,141.8,143.36,44270320
2018-02-01,143.4,146.17,143.13,145.39,37517540
2018-02-02,145.68,146.78,142.88,144.0,39088200
2018-02-05,142.87,145.2,142.3,144.53,33108270
2018-02-06,141.51,142.82,140.4,141.59,52073080
2018-02-07,142.43,143.39,141.0,141.0,32948170
2018-02-08,140.48,140.85,137.14,137.2,42717220
2018-02-09,135.99,136.7,132.8,135.56,53423820
2018-02-12,136.95,138.1,136.03,137.3,29441900
2018-02-13,138.12,140.1,137.45,139.85,36439250
2018-02-14,140.01,140.57,137.02,138.89,34125140
2018-02-15,139.77,140.99,137.06,137.06,29141610
2018-02-16,137.84,139.49,136.77,137.06,24646990
2018-02-19,137.36,138.7,137.13,138.31,14462230
2018-02-20,138.78,144.29,138.78,141.32,62791120
2018-02-21,140.9,144.0,140.53,144.0,24899470
2018-02-22,143.49,145.97,142.63,145.97,29893120
2018-02-26,148.5,149.98,146.42,147.0,37279400
2018-02-27,147.2,147.49,144.85,146.5,24777520
2018-02-28,145.5,145.75,142.25,143.16,36284260
2018-03-01,141.0,142.0,139.39,140.1,47451210
2018-03-02,139.65,140.59,137.77,138.57,26835570
2018-03-05,138.83,141.83,138.57,141.6,23254990
2018-03-06,142.25,143.49,140.47,140.59,24404580
2018-03-07,139.98,139.98,137.38,138.56,28244930
2018-03-09,138.88,139.81,137.79,139.81,12102430
2018-03-12,140.44,141.96,140.11,141.35,16945720
2018-03-13,141.0,142.93,139.95,142.75,22920910
2018-03-14,141.82,141.98,138.8,138.8,31802960
2018-03-15,138.59,140.06,138.0,138.25,34272770
2018-03-16,138.66,141.0,137.11,141.0,42461100
2018-03-19,141.45,141.77,139.43,139.91,21717760
2018-03-20,140.3,142.7,139.31,142.45,25944520
2018-03-21,142.7,144.0,140.84,141.51,31152980
2018-03-22,141.7,142.08,139.2,139.5,20685050
2018-03-23,138.79,142.49,137.82,142.0,33583510
2018-03-26,142.02,142.08,138.27,138.27,27593660
2018-03-27,139.21,141.7,139.01,140.8,25464160
2018-03-28,140.0,141.67,139.13,140.47,21345590
2018-03-29,140.7,142.8,140.7,142.8,23774420
2018-03-30,143.0,143.31,142.05,142.33,8377570
2018-04-02,142.4,143.7,140.32,140.32,18502270
2018-04-03,140.3,141.3,139.7,141.13,13870980
2018-04-04,140.82,141.52,139.02,140.18,22250100
2018-04-05,140.66,141.35,139.8,140.5,20473660
2018-04-06,140.14,141.97,139.45,141.5,27364690
2018-04-09,140.94,141.22,128.19,135.01,91014600
2018-04-10,135.0,141.97,133.5,141.8,64076590
2018-04-11,141.0,146.29,140.71,145.27,62149010
2018-04-12,145.7,146.89,142.13,145.99,40747400
2018-04-13,146.0,146.75,142.09,142.58,26404410
2018-04-16,141.03,142.83,139.87,141.5,26735310
2018-04-17,142.45,143.18,140.66,142.4,26716430
2018-04-18,142.64,145.31,142.04,144.75,28083940
2018-04-19,145.2,145.75,142.57,143.4,20535220
2018-04-20,143.39,145.5,142.9,144.4,21150190
2018-04-23,144.3,144.48,142.0,143.99,32656540
2018-04-24,144.0,146.52,143.52,144.14,29047550
2018-04-25,143.5,143.89,141.41,142.7,23808600
2018-04-26,143.07,145.75,142.6,145.48,22295800
2018-04-27,146.0,146.0,143.77,144.5,19544860
2018-04-28,144.5,144.5,143.83,144.3,2258670
2018-04-30,144.3,147.29,143.7,145.93,15280790
2018-05-02,145.35,145.77,143.96,144.94,16016740
2018-05-03,144.44,146.15,142.7,142.7,24049590
2018-05-04,143.39,144.2,143.09,143.73,11728700
2018-05-07,144.75,145.1,143.45,144.05,9431820
2018-05-08,143.8,145.48,143.16,145.48,18302910
2018-05-10,145.98,147.15,145.57,146.38,24255510
2018-05-11,146.4,151.1,146.4,150.7,44794480
2018-05-14,151.25,151.27,148.03,150.98,27957030
2018-05-15,150.5,150.7,148.0,149.2,29101470
2018-05-16,148.6,150.7,148.11,148.59,43781450
2018-05-17,149.23,149.36,147.15,147.15,19176990
2018-05-18,147.2,147.88,145.19,145.65,21448430
2018-05-21,146.0,148.2,145.9,146.76,16218790
2018-05-22,146.97,147.6,146.42,146.5,13146640
2018-05-23,146.2,146.94,144.88,146.06,19449120
2018-05-24,146.29,147.15,144.93,145.27,20563940
2018-05-25,145.62,146.3,144.36,145.09,18126630
2018-05-28,145.65,145.75,144.75,145.09,6690610
2018-05-29,145.58,145.61,142.88,143.9,17599120
2018-05-30,144.0,144.82,142.52,143.26,21857180
2018-05-31,143.26,145.21,143.26,145.0,33905170
2018-06-01,144.58,145.5,143.55,144.0,17540300
2018-06-04,144.51,146.9,144.51,146.44,12818540
2018-06-05,146.51,146.54,145.22,146.0,12717550
2018-06-06,146.44,146.9,145.53,146.9,17197640
2018-06-07,147.1,147.5,146.0,146.05,12320600
2018-06-08,145.98,146.75,143.05,143.05,24412340
2018-06-09,143.31,144.15,143.3,144.08,1581110
2018-06-11,143.8,144.18,141.56,142.28,12697960
2018-06-13,142.7,142.78,140.63,141.0,23515540
2018-06-14,140.9,141.44,139.14,139.4,24991210
2018-06-15,139.7,140.87,137.64,137.73,42413220
2018-06-18,138.05,138.3,136.0,136.52,23081990
2018-06-19,136.0,136.28,132.86,135.5,36396760
2018-06-20,136.5,138.5,136.0,136.91,27065540
2018-06-21,136.51,137.9,134.04,134.4,28725430
2018-06-22,135.0,137.55,135.0,136.76,23963780
2018-06-25,136.5,138.44,136.5,137.1,17181930
2018-06-26,137.44,138.88,137.36,138.07,13716210
2018-06-27,138.01,139.85,137.07,139.0,18948070
2018-06-28,139.0,140.33,138.35,138.76,22689590
2018-06-29,139.3,141.01,139.17,141.01,25811520
2018-07-02,140.82,144.2,140.07,144.0,25205320
2018-07-03,144.11,144.2,141.95,142.49,15043700
2018-07-04,142.4,143.13,141.87,142.24,6352500
2018-07-05,142.15,145.55,141.64,145.55,19509440
2018-07-06,145.8,145.8,143.57,144.96,17188580
2018-07-09,145.75,148.1,145.53,148.0,17774160
2018-07-10,148.27,148.37,146.42,147.3,18128720
2018-07-11,146.78,146.78,143.85,144.77,23494310
2018-07-12,144.76,145.7,143.5,145.08,19726940
2018-07-13,145.3,146.87,144.87,146.87,13538600
2018-07-16,146.8,148.98,146.13,147.0,25868480
2018-07-17,146.6,146.73,144.15,145.31,25693830
2018-07-18,138.89,138.99,137.45,138.29,28745490
2018-07-19,138.39,138.66,136.85,137.58,18369120
2018-07-20,137.58,138.0,136.42,136.47,18702320
2018-07-23,136.59,139.22,136.58,138.37,17910570
2018-07-24,138.78,139.7,137.92,138.85,13399380
2018-07-25,138.1,138.88,137.64,138.21,13716750
2018-07-26,138.84,139.17,137.74,138.18,10804920
2018-07-27,138.45,138.7,137.13,137.99,9518030
2018-07-30,137.59,138.9,137.12,138.9,13226820
2018-07-31,138.89,143.79,138.46,143.79,31493220
2018-08-01,143.01,143.31,141.48,142.14,18311040
2018-08-02,141.75,142.89,139.76,140.36,12668090
2018-08-03,140.2,142.39,139.5,142.39,21848060
2018-08-06,142.44,142.58,140.32,141.34,15235390
2018-08-07,141.35,143.04,140.95,142.74,14053840
2018-08-08,142.71,144.19,142.2,144.1,27009480
2018-08-09,143.26,145.46,143.26,145.2,29204720
2018-08-10,144.69,146.2,144.01,144.8,27202730
2018-08-13,143.9,145.15,142.54,142.9,22819270
2018-08-14,143.49,143.49,139.85,141.24,22375400
2018-08-15,141.0,141.68,139.5,141.5,20930090
2018-08-16,141.5,142.09,139.95,140.88,14328100
2018-08-17,140.88,141.76,140.03,141.01,15079520
2018-08-20,141.97,142.22,140.61,141.51,8230910
2018-08-21,141.55,143.49,140.12,143.3,13670280
2018-08-22,143.5,144.41,142.3,144.16,16249580
2018-08-23,143.85,145.0,141.5,141.5,21391470
2018-08-24,141.5,143.98,141.5,143.6,19001230
2018-08-27,143.51,144.52,143.25,144.52,12771200
2018-08-28,144.57,146.73,144.57,145.6,19609130
2018-08-29,145.95,147.88,145.4,147.88,19151390
2018-08-30,147.82,148.34,145.66,145.98,17216530
2018-08-31,145.7,150.2,144.78,149.95,32957180
2018-09-03,149.99,151.0,148.52,148.73,15003280
2018-09-04,148.87,149.41,146.39,147.4,17077860
2018-09-05,147.28,148.5,146.85,147.06,15867870
2018-09-06,147.0,149.5,146.89,147.06,22086270
2018-09-07,146.99,148.99,146.54,148.8,16286610
2018-09-10,149.0,150.75,148.15,150.75,18680680
2018-09-11,150.75,152.95,150.17,152.36,44754260
2018-09-12,153.0,156.0,152.54,155.05,34189360
2018-09-13,154.53,155.79,153.0,153.5,21634590
2018-09-14,153.38,154.0,151.77,152.15,14183810
2018-09-17,151.99,155.74,151.41,155.46,33791050
2018-09-18,155.5,157.87,154.74,157.08,27158630
2018-09-19,157.5,159.79,156.65,157.39,43387520
2018-09-20,157.1,158.89,154.35,154.35,52197840
2018-09-21,154.69,158.95,154.52,158.64,48187060
2018-09-24,158.5,159.5,157.6,159.0,21610270
2018-09-25,159.48,160.94,157.8,160.84,21988690
2018-09-26,161.26,162.0,158.64,159.27,25677440
2018-09-27,159.38,162.45,158.57,161.8,41268810
2018-09-28,162.05,163.19,160.5,162.61,18920760
2018-10-01,163.45,163.93,161.2,161.89,15844690
2018-10-02,162.02,163.47,160.97,162.59,22824040
2018-10-03,163.0,170.15,162.77,169.47,65151350
2018-10-04,169.6,171.95,167.15,168.5,54270010
2018-10-05,167.8,171.14,166.52,170.5,30151290
2018-10-08,171.99,173.95,170.55,171.81,24417310
2018-10-09,172.53,176.95,172.11,172.11,45948310
2018-10-10,172.05,172.95,165.9,166.2,40752400
2018-10-11,162.4,163.8,160.6,161.92,43976720
2018-10-12,163.2,167.59,163.1,167.0,32124770
2018-10-15,167.5,168.6,163.18,164.0,20215250
2018-10-16,163.97,166.0,161.61,165.99,19278940
2018-10-17,167.11,167.38,163.3,164.56,19432110
2018-10-18,163.55,164.55,159.7,160.18,27096090
2018-10-19,160.7,161.32,158.19,161.32,31882980
2018-10-22,161.5,162.5,155.42,155.7,26198900
2018-10-23,154.5,155.2,151.76,153.61,31883210
2018-10-24,154.83,156.58,152.31,154.7,38421740
2018-10-25,152.7,156.87,152.5,155.65,35221310
2018-10-26,155.01,155.24,151.21,152.5,24340680
2018-10-29,152.0,153.76,151.56,152.52,15752210
2018-10-30,151.99,153.74,149.9,151.3,18657270
2018-10-31,152.0,155.47,152.0,155.47,24376660
2018-11-01,155.02,155.1,153.17,153.5,17070520
2018-11-02,154.2,154.99,153.32,153.71,15940810
2018-11-06,154.77,156.65,154.38,156.0,17925090
2018-11-07,156.05,157.89,154.7,157.85,34098690
2018-11-08,158.0,159.0,156.71,157.51,19911820
2018-11-09,156.6,156.86,151.8,153.19,34567940
2018-11-12,153.34,153.9,150.8,150.89,18238900
2018-11-13,150.48,151.5,148.8,148.83,28458420
2018-11-14,148.3,152.18,147.55,151.85,29952550
2018-11-15,152.77,155.21,152.6,154.14,29421030
2018-11-16,154.48,154.76,151.54,153.16,22635390
2018-11-19,153.5,155.0,153.42,154.1,18735400
2018-11-20,153.8,154.0,150.3,151.51,17166070
2018-11-21,151.23,152.75,151.13,152.4,15580260
2018-11-22,152.44,154.4,152.02,153.91,11610190
2018-11-23,153.43,153.67,150.3,151.79,19149700
2018-11-26,151.51,151.79,146.3,149.53,30533530
2018-11-27,149.92,154.27,149.8,153.8,20109390
2018-11-28,154.21,166.1,154.0,165.58,75585160
2018-11-29,166.6,167.36,163.6,164.99,43338020
2018-11-30,164.4,164.65,160.25,161.29,34059130
2018-12-03,164.27,166.65,163.81,165.4,39357520
2018-12-04,164.94,165.0,162.3,164.2,21850990
2018-12-05,161.23,164.57,160.31,164.57,23408490
2018-12-06,162.9,163.0,159.0,160.62,30372710
2018-12-07,160.81,163.15,159.67,163.0,29919000
2018-12-10,161.5,162.5,160.68,161.0,13642680
2018-12-11,160.8,161.27,157.69,158.6,24945670
2018-12-12,158.0,158.09,154.0,155.79,32725760
2018-12-13,154.95,156.49,153.25,156.49,19682560
2018-12-14,155.91,155.98,153.51,155.4,13738740
2018-12-17,155.4,156.41,152.93,153.53,18355910
2018-12-18,152.4,152.42,150.05,151.89,30096270
2018-12-19,151.01,153.79,150.71,152.98,19869180
2018-12-20,150.22,152.38,149.7,152.27,27345080
2018-12-21,151.45,152.27,150.32,151.12,24620270
2018-12-24,150.66,151.15,148.93,149.73,10711690
2018-12-25,148.36,148.49,145.02,147.01,13181810
2018-12-26,147.47,149.66,147.36,148.41,8585580
2018-12-27,151.0,152.4,150.06,150.68,16358270
2018-12-28,151.68,153.8,151.16,153.0,14223410
2018-12-29,153.69,153.73,152.82,153.5,2904860
2019-01-03,154.13,157.3,154.11,156.28,14178500
2019-01-04,156.71,159.15,156.71,159.15,14563370
2019-01-08,158.75,158.94,156.55,158.26,17041340
2019-01-09,158.88,160.4,158.4,160.24,19149630
2019-01-10,159.75,160.2,157.56,160.2,19950220
2019-01-11,160.2,161.13,159.8,161.0,17607210
2019-01-14,159.7,160.75,159.2,160.48,12593250
2019-01-15,160.97,161.5,157.35,158.15,20870220
2019-01-16,158.5,158.75,155.8,156.9,20866610
2019-01-17,157.4,157.4,155.6,157.1,16244460
2019-01-18,158.16,159.2,157.43,159.2,18270390
2019-01-21,159.02,160.07,158.01,158.3,11919340
2019-01-22,157.86,158.5,156.57,158.5,18842130
2019-01-23,158.24,159.9,158.02,159.9,14567930
2019-01-24,159.78,162.78,158.86,160.9,35655300
2019-01-25,161.61,162.82,160.18,162.82,19765260
2019-01-28,162.4,163.58,159.82,160.56,23896920
2019-01-29,160.1,162.98,159.0,162.95,22819740
2019-01-30,162.51,165.84,162.26,165.4,25112890
2019-01-31,166.0,166.49,162.55,162.82,30703160
2019-02-01,162.49,164.37,161.75,163.33,23094500
2019-02-04,163.49,165.0,162.81,163.2,11463210
2019-02-05,163.45,165.43,162.54,164.25,13709520
2019-02-06,164.41,164.67,163.07,163.21,9553310
2019-02-07,162.89,163.44,159.1,160.39,23537340
2019-02-08,159.16,161.36,158.11,159.8,19420820
2019-02-11,160.4,162.3,160.18,161.29,19127420
2019-02-12,161.5,163.68,160.75,163.68,14992630
2019-02-13,164.0,164.28,159.27,159.27,22006440
2019-02-14,157.35,158.74,155.15,155.15,38381690
2019-02-15,155.99,159.04,155.89,159.04,24570310
2019-02-18,159.25,159.9,156.14,156.43,17780780
2019-02-19,156.41,157.14,153.36,154.03,20054660
2019-02-20,154.65,155.66,153.67,154.43,21149620
2019-02-21,154.84,155.41,153.01,153.5,15215880
2019-02-22,153.51,155.65,153.49,154.64,13198300
2019-02-25,155.01,155.37,153.56,154.6,14809350
2019-02-26,153.95,155.36,152.82,155.36,18295430
2019-02-27,155.7,157.15,154.82,156.4,19720690
2019-02-28,156.22,159.25,156.02,158.99,34679960
2019-03-01,158.92,159.55,156.31,156.71,21894710
2019-03-04,156.75,156.76,154.4,154.4,17198890
2019-03-05,154.05,154.65,153.11,153.2,20125620
2019-03-06,153.31,154.45,153.07,154.2,17139850
2019-03-07,154.01,154.19,151.58,151.9,19671250
2019-03-11,151.9,152.47,150.51,151.6,19515830
2019-03-12,152.24,152.95,150.84,151.64,15491920
2019-03-13,151.1,153.3,150.66,153.3,18551950
2019-03-14,153.39,154.4,152.53,152.68,19960690
2019-03-15,152.98,154.56,152.11,154.56,33331220
2019-03-18,154.2,156.48,153.6,155.84,22071630
2019-03-19,155.84,156.45,154.6,155.5,17535580
2019-03-20,155.51,156.14,154.0,156.09,20097310
2019-03-21,156.4,156.7,154.52,155.33,28155760
2019-03-22,155.02,155.02,151.85,152.29,23207060
2019-03-25,151.21,152.29,150.72,152.29,22540820
2019-03-26,151.99,152.91,150.83,151.12,21637080
2019-03-27,150.88,151.44,149.03,149.49,23937950
2019-03-28,149.79,150.75,148.83,149.98,16389010
2019-03-29,150.17,151.64,149.13,149.61,26452680
2019-04-01,150.28,154.81,149.92,154.53,37031090
2019-04-02,154.85,155.8,153.3,155.0,30986760
2019-04-03,155.3,157.58,155.3,156.99,33850470
2019-04-04,156.75,158.89,156.4,158.89,23000460
2019-04-05,158.33,159.5,157.87,158.6,22889490
2019-04-08,158.81,160.88,158.81,160.5,25829350
2019-04-09,160.41,163.35,159.8,162.7,40151930
2019-04-10,162.4,164.95,162.12,162.88,38962470
2019-04-11,162.38,162.95,158.04,158.04,44982590
2019-04-12,158.51,160.46,157.9,159.12,29337220
2019-04-15,160.0,160.6,157.62,158.33,18387600
2019-04-16,158.99,163.42,158.21,162.24,27281030
2019-04-17,163.4,165.4,162.4,164.0,28490270
2019-04-18,163.75,163.79,160.85,161.79,19650680
2019-04-19,161.95,162.57,161.5,162.57,3853890
2019-04-22,163.21,164.34,162.76,163.5,8947560
2019-04-23,163.5,163.85,160.91,162.42,15162420
2019-04-24,162.91,163.07,159.18,160.57,25761060
2019-04-25,160.25,160.95,158.8,159.31,21709460
2019-04-26,159.03,161.0,158.58,161.0,17625590
2019-04-29,161.2,164.74,160.68,163.93,31199480
2019-04-30,164.1,165.4,163.01,163.95,31329810
2019-05-02,163.67,166.85,163.67,165.71,20693350
2019-05-03,166.2,166.98,165.83,166.31,13233680
2019-05-06,165.0,165.45,163.34,165.45,15573440
2019-05-07,165.0,166.27,164.21,164.21,19346120
2019-05-08,164.5,165.44,163.55,163.57,17903390
2019-05-10,163.6,164.9,162.62,163.61,16160090
2019-05-13,163.48,164.34,163.0,163.0,16948030
2019-05-14,163.0,190.9,162.65,189.67,182194370
2019-05-15,193.0,198.4,192.29,195.61,135542910
2019-05-16,194.31,203.45,194.24,202.7,100057930
2019-05-17,201.8,202.3,197.71,198.89,49619100
2019-05-20,200.2,201.48,198.3,200.8,27298770
2019-05-21,201.3,210.98,199.01,207.8,90773870
2019-05-22,208.92,210.11,206.33,208.1,35097660
2019-05-23,207.0,212.18,205.84,208.86,54534000
2019-05-24,209.49,210.2,203.76,204.5,29041460
2019-05-27,204.25,206.6,200.84,206.2,28126330
2019-05-28,206.0,206.0,201.0,203.13,61173390
2019-05-29,202.11,207.69,201.11,207.14,42936640
2019-05-30,207.9,216.45,207.57,213.1,77206560
2019-05-31,212.0,215.27,210.05,215.1,43760000
2019-06-03,214.41,251.65,213.5,235.51,218660620
2019-06-04,233.5,235.59,223.52,230.16,109611180
2019-06-05,230.24,233.3,228.04,230.01,40242790
2019-06-06,230.0,236.62,228.71,231.45,55262120
2019-06-07,233.77,233.77,230.0,230.5,42249090
2019-06-10,230.85,234.3,230.4,232.1,30618070
2019-06-11,232.32,237.63,231.13,234.86,44886080
2019-06-13,233.74,237.35,233.01,234.44,35414740
2019-06-14,234.13,235.44,231.26,231.51,25405530
2019-06-17,231.58,234.44,229.63,229.81,32355090
2019-06-18,229.67,232.3,228.3,232.13,32231160
2019-06-19,232.5,235.42,232.0,232.46,31840230
2019-06-20,234.0,234.45,231.45,232.52,44885210
2019-06-21,232.52,232.52,228.85,229.09,47097870
2019-06-24,229.54,233.04,229.47,232.38,22084750
2019-06-25,232.01,232.19,229.64,232.09,21536080
2019-06-26,232.51,233.6,232.0,233.1,19243490
2019-06-27,233.0,234.93,232.6,232.6,22243370
2019-06-28,233.2,235.47,232.35,232.83,42491870
2019-07-01,234.1,248.43,234.1,245.5,79850910
2019-07-02,246.25,249.26,243.7,246.65,31530740
2019-07-03,246.0,251.6,245.55,251.6,44795180
2019-07-04,251.6,256.4,250.61,255.35,43487300
2019-07-05,255.32,255.96,250.12,250.89,36241080
2019-07-08,250.09,250.96,245.2,248.51,39346300
2019-07-09,248.69,252.93,247.71,250.17,32460070
2019-07-10,250.75,251.48,248.8,250.21,33020790
2019-07-11,250.0,250.69,245.0,247.2,43055510
2019-07-12,247.0,247.8,244.0,245.5,21628190
2019-07-15,246.98,248.08,240.1,240.3,35980810
2019-07-16,240.01,240.4,235.83,238.01,40882900
2019-07-17,223.56,224.03,218.63,220.19,49433790
2019-07-18,219.0,219.8,215.77,218.3,30865690
2019-07-19,219.5,220.43,215.37,216.0,20030360
2019-07-22,215.97,220.0,214.1,217.12,33706200
2019-07-23,217.5,221.17,216.76,217.39,34741150
2019-07-24,218.47,218.47,210.51,212.0,44516010
2019-07-25,208.0,228.94,206.0,219.0,168789670
2019-07-26,217.0,236.0,217.0,234.23,181110520
2019-07-29,234.12,238.7,231.83,236.73,50480020
2019-07-30,236.1,237.13,232.37,237.1,44064660
2019-07-31,237.41,239.64,234.44,236.9,45442560
2019-08-01,234.54,237.34,233.29,234.28,31278900
2019-08-02,231.1,233.17,227.91,227.91,59295740
2019-08-05,226.0,228.0,222.3,223.61,53368340
2019-08-06,223.62,227.78,223.62,226.76,30463070
2019-08-07,226.9,232.67,225.5,227.67,49728560
2019-08-08,230.51,233.54,230.43,231.21,29630530
2019-08-09,231.45,232.26,228.91,229.96,18560360
2019-08-12,231.06,232.97,229.29,230.24,15933290
2019-08-13,229.88,232.16,226.46,229.87,35154020
2019-08-14,231.1,231.19,224.58,227.1,35835210
2019-08-15,227.69,229.7,224.89,227.15,32300710
2019-08-16,228.48,229.38,224.08,224.71,25162920
2019-08-19,225.99,227.2,223.65,226.8,19131930
2019-08-20,226.58,232.32,226.15,231.54,34636220
2019-08-21,231.8,232.32,230.5,231.22,20502100
2019-08-22,230.9,233.98,230.21,232.06,26486570
2019-08-23,232.7,233.04,228.93,229.35,29021720
2019-08-26,228.88,230.6,228.05,228.9,11237140
2019-08-27,228.92,229.28,223.0,227.0,55774330
2019-08-28,226.56,228.64,224.88,228.48,32524180
2019-08-29,228.85,235.25,228.67,233.2,47577710
2019-08-30,233.69,233.85,231.07,232.15,22031170
2019-09-02,231.75,234.22,230.5,233.67,19262350
2019-09-03,233.4,233.6,229.96,231.02,20658530
2019-09-04,232.7,234.78,232.18,233.71,27528260
2019-09-05,234.7,238.17,234.64,236.18,29869370
2019-09-06,235.66,235.97,232.38,234.49,24966640
2019-09-09,235.0,235.62,233.0,234.85,16643150
2019-09-10,234.32,235.1,232.02,233.0,24064830
2019-09-11,233.03,235.38,232.2,235.07,27122090
2019-09-12,234.3,235.28,231.51,232.88,28998480
2019-09-13,232.51,233.41,230.8,232.5,17968340
2019-09-16,233.98,234.88,232.57,234.88,29135720
2019-09-17,234.53,235.17,232.36,233.58,28339540
2019-09-18,233.0,233.96,232.3,233.46,12275290
2019-09-19,233.11,233.28,230.06,230.52,31662990
2019-09-20,230.75,231.0,228.5,230.41,34652120
2019-09-23,230.5,231.25,228.87,230.36,16889390
2019-09-24,230.36,230.68,227.19,227.7,22369470
2019-09-25,227.04,228.7,225.76,228.43,22046400
2019-09-26,228.74,233.7,228.31,231.97,40417870
2019-09-27,231.92,232.14,229.01,229.01,13568600
2019-09-30,229.05,229.46,225.9,225.9,26483850
2019-10-01,226.0,227.7,225.17,226.49,16748700
2019-10-02,226.16,226.65,223.25,223.6,31876570
2019-10-03,223.5,224.89,220.79,223.1,29978410
2019-10-04,224.3,224.65,221.24,221.66,22029190
2019-10-07,221.9,226.81,220.68,226.36,22387030
2019-10-08,226.53,227.7,222.71,223.2,22262970
2019-10-09,223.1,224.71,221.72,223.18,14915050
2019-10-10,223.0,224.93,222.27,224.5,14673550
2019-10-11,225.0,227.5,224.82,227.37,18387940
2019-10-14,227.37,228.61,225.5,226.0,14701580
2019-10-15,226.0,227.15,224.06,226.0,18157400
2019-10-16,226.0,227.9,225.11,227.7,17802690
2019-10-17,227.66,228.6,226.0,228.0,21411670
2019-10-18,227.88,228.9,227.2,228.0,16563990
2019-10-21,228.49,229.11,227.31,228.54,14412970
2019-10-22,228.58,235.36,228.28,235.36,42876290
2019-10-23,234.86,237.67,233.16,236.2,39604070
2019-10-24,236.41,244.0,236.41,243.94,47639670
2019-10-25,244.1,247.4,239.5,246.71,43914810
2019-10-28,247.3,249.96,242.7,244.4,34941430
2019-10-29,244.03,253.69,241.4,253.1,70834920
2019-10-30,252.9,265.26,252.01,261.6,97828440
2019-10-31,262.25,267.4,257.0,260.0,89675720
2019-11-01,260.1,264.28,256.35,263.79,51033540
2019-11-05,266.0,267.53,261.31,263.0,36854690
2019-11-06,263.14,266.98,258.91,266.98,37700330
2019-11-07,266.01,272.68,264.66,270.74,56180950
2019-11-08,269.92,270.2,264.45,266.0,33445000
2019-11-11,265.0,265.45,259.8,260.4,42793340
2019-11-12,260.81,264.57,256.13,257.25,61520830
2019-11-13,256.11,257.19,250.79,251.8,87796850
2019-11-14,252.56,253.46,244.8,248.34,127687870
2019-11-15,248.5,250.47,245.0,248.01,89352610
2019-11-18,250.0,250.4,245.62,246.15,52848250
2019-11-19,246.5,248.7,244.32,248.01,66068080
2019-11-20,246.64,254.89,245.58,248.0,199413540
2019-11-21,252.0,259.8,250.01,254.35,222757490
2019-11-22,253.1,257.72,250.13,251.99,92529420
2019-11-25,252.12,256.17,251.46,255.2,47772320
2019-11-26,255.53,257.41,252.01,254.0,70144950
2019-11-27,253.8,255.85,252.25,253.89,37679110
2019-11-28,253.46,254.43,251.35,254.0,29777340
2019-11-29,253.89,257.54,251.86,257.54,53291690
2019-12-02,258.45,263.4,254.05,254.05,70270330
2019-12-03,253.2,254.14,247.09,247.93,75446030
2019-12-04,248.5,251.96,246.4,248.93,59289500
2019-12-05,249.5,250.3,244.77,246.36,61692020
2019-12-06,246.5,248.25,245.39,247.83,44852270
2019-12-09,247.9,250.22,247.4,248.7,32397460
2019-12-10,248.99,250.15,246.5,246.9,34816930
2019-12-11,246.84,248.69,246.84,247.34,31256130
2019-12-12,247.64,254.66,247.35,250.48,78725180
2019-12-13,251.11,252.48,248.8,249.5,41799820
2019-12-16,249.6,252.22,249.2,250.78,29618770
2019-12-17,251.23,252.86,250.8,252.05,31637520
2019-12-18,252.0,252.71,250.85,251.29,29208640
2019-12-19,250.96,252.3,249.4,251.4,37390530
2019-12-20,252.75,256.58,252.22,255.5,60308100
2019-12-23,251.5,255.2,251.11,255.0,38331200
2019-12-24,255.61,257.71,254.26,254.87,22780930
2019-12-25,255.0,255.49,253.02,253.25,12310410
2019-12-26,253.31,254.24,252.5,254.1,10879770
2019-12-27,254.31,257.49,254.0,257.11,24226140
2019-12-30,257.1,258.3,254.71,256.4,23498030
2020-01-03,259.18,261.9,257.77,259.0,34484710
2020-01-06,259.0,259.0,254.8,256.55,28148270
2020-01-08,256.25,257.32,254.77,255.79,25611080
2020-01-09,255.69,256.68,251.82,254.07,33224310
2020-01-10,254.0,254.6,251.2,251.9,28567810
2020-01-13,252.5,252.5,248.4,251.5,41352670
2020-01-14,252.0,253.2,249.0,250.0,32936950
2020-01-15,249.5,252.5,247.75,251.3,43981200
2020-01-16,251.9,254.54,251.5,254.26,38437850
2020-01-17,254.75,256.6,253.8,255.39,42158800
2020-01-20,255.66,256.1,253.01,253.5,29970260
2020-01-21,253.25,253.4,250.88,252.99,27027840
2020-01-22,252.81,253.39,248.1,248.1,38885020
2020-01-23,246.71,247.66,239.01,239.3,73879000
2020-01-24,240.12,243.25,235.28,237.95,69052730
2020-01-27,235.0,235.4,229.65,230.96,105334120
2020-01-28,232.6,237.59,229.0,235.0,85537270
2020-01-29,236.95,237.36,231.3,232.0,52810870
2020-01-30,230.71,232.49,229.45,231.53,41538100
2020-01-31,232.53,233.79,226.57,226.7,70290180
2020-02-03,223.8,229.98,223.8,227.64,54239810
2020-02-04,228.49,231.08,226.65,230.5,45438970
2020-02-05,230.89,235.73,228.8,232.56,61997310
2020-02-06,234.0,236.0,230.15,231.38,42622260
2020-02-07,232.38,233.39,227.14,229.11,49942780
2020-02-10,228.5,229.75,224.41,225.2,50876040
2020-02-11,226.55,236.18,226.01,233.9,95633710
2020-02-12,235.3,239.8,234.56,238.03,83198650
2020-02-13,236.9,237.98,233.55,233.55,42016750
2020-02-14,233.79,235.4,230.91,232.5,34354000
2020-02-17,233.5,234.56,231.91,233.75,20559370
2020-02-18,233.0,233.28,229.8,230.5,30861790
2020-02-19,231.81,233.5,230.71,231.9,24431430
2020-02-20,232.51,235.75,232.0,234.6,33584770
2020-02-21,233.05,233.77,231.61,232.0,29658690
2020-02-25,228.0,230.06,224.68,224.68,52755480
2020-02-26,223.32,225.47,220.81,224.76,63752240
2020-02-27,220.99,223.4,216.8,217.5,83027740
2020-02-28,210.0,211.97,200.57,202.65,169597740
2020-03-02,208.0,211.99,195.51,198.78,151645690
2020-03-03,204.96,205.27,198.0,201.48,104454600
2020-03-04,199.95,204.42,198.28,200.0,78739260
2020-03-05,203.0,203.43,197.5,198.0,65974580
2020-03-06,193.5,194.23,185.13,188.27,131693770
2020-03-10,169.45,185.84,161.01,171.0,205229880
2020-03-11,174.0,175.87,167.39,172.03,108626860
2020-03-12,163.0,167.8,161.2,163.73,151374170
2020-03-13,164.0,175.69,164.0,166.1,143374770
2020-03-16,163.0,169.99,158.17,168.07,116002590
2020-03-17,169.0,175.5,164.56,167.0,108151410
2020-03-18,164.9,170.45,162.0,166.34,106165420
2020-03-19,168.58,175.2,164.05,174.56,122161140
2020-03-20,180.0,184.69,176.1,176.26,139849740
2020-03-23,171.0,172.28,168.04,168.35,109203830
2020-03-24,174.39,179.99,172.61,177.95,89479940
2020-03-25,183.0,186.9,175.26,180.2,114693850
2020-03-26,179.45,184.9,177.28,181.5,54021680
2020-03-27,181.24,181.37,172.0,174.5,55620780
2020-03-30,171.99,177.63,170.5,176.44,47976360
2020-03-31,178.5,184.64,178.01,181.41,69815770
2020-04-01,178.03,181.38,177.5,180.06,40436820
2020-04-02,183.8,190.0,180.25,187.04,87825820
2020-04-03,187.01,193.85,185.72,189.77,92363620
2020-04-06,192.24,193.44,189.44,191.1,62933570
2020-04-07,192.9,195.13,189.8,191.22,67000260
2020-04-08,189.7,194.11,188.1,194.11,49266950
2020-04-09,195.69,196.26,189.88,193.86,84342040
2020-04-10,191.89,192.44,190.51,192.0,17045220
2020-04-13,192.26,192.36,186.07,188.07,28546290
2020-04-14,189.73,191.76,188.3,190.11,50623330
2020-04-15,189.15,189.48,182.56,184.25,53713660
2020-04-16,185.15,189.16,182.75,184.3,56389560
2020-04-17,187.06,187.87,183.54,184.68,38784010
2020-04-20,184.12,186.25,183.0,185.51,34294290
2020-04-21,183.15,184.5,179.05,181.92,66952420
2020-04-22,181.08,188.55,180.33,188.36,48272330
2020-04-23,189.98,191.59,187.5,188.73,39982360
2020-04-24,187.95,187.95,185.1,185.71,36735480
2020-04-27,186.53,188.47,185.69,186.29,23621520
2020-04-28,185.93,190.65,185.76,188.5,44188440
2020-04-29,189.9,195.23,188.53,193.87,56262660
2020-04-30,195.44,196.2,189.62,190.0,72119050
2020-05-04,188.0,188.17,184.52,185.7,42975340
2020-05-05,188.39,190.39,187.3,190.0,39660510
2020-05-06,190.53,191.05,187.05,187.05,46399120
2020-05-07,187.5,190.3,185.5,185.85,67276440
2020-05-08,186.33,186.64,183.1,185.34,61002120
2020-05-12,184.89,187.2,183.2,186.17,49979790
2020-05-13,185.55,185.55,183.8,184.2,33279780
2020-05-14,183.23,184.85,181.68,183.91,49406140
2020-05-15,185.61,186.98,183.85,183.85,47922970
2020-05-18,185.5,192.5,185.14,192.5,60172310
2020-05-19,193.0,194.39,191.1,194.2,60404850
2020-05-20,193.57,197.27,192.79,196.74,73863280
2020-05-21,196.05,199.26,191.4,194.74,90166480
2020-05-22,194.0,195.76,192.21,194.35,42413090
2020-05-25,195.1,197.55,195.1,197.55,20064420
2020-05-26,198.95,202.3,196.3,196.86,66178490
2020-05-27,196.05,197.75,193.15,194.73,55321300
2020-05-28,194.36,196.98,194.17,196.86,39984510
2020-05-29,196.25,199.95,193.2,199.95,172681620
2020-06-01,200.25,202.47,197.15,198.72,54257280
2020-06-02,199.44,202.19,198.72,201.97,45344620
2020-06-03,203.07,208.15,202.01,208.0,65274590
2020-06-04,207.99,207.99,200.6,201.46,72250330
2020-06-05,202.69,204.84,201.51,203.05,44836180
2020-06-08,204.98,206.5,202.97,204.91,40152350
2020-06-09,205.44,206.1,201.57,204.84,35378400
2020-06-10,204.84,205.27,200.53,201.75,41521810
2020-06-11,200.2,200.2,195.15,196.74,48984730
2020-06-15,193.86,196.15,191.0,194.2,54400610
2020-06-16,196.0,199.59,195.2,196.59,43444120
2020-06-17,197.98,199.08,195.21,195.86,34495740
2020-06-18,195.45,195.57,191.85,193.0,45813580
2020-06-19,194.17,196.07,193.82,195.81,45220860
2020-06-22,195.35,195.35,192.62,194.3,36799990
2020-06-23,194.8,196.32,194.0,194.83,33831430
2020-06-25,191.72,192.48,190.55,192.25,49036370
2020-06-26,192.83,195.69,190.51,193.0,60445170
2020-06-29,192.64,198.1,192.58,197.94,45837860
2020-06-30,197.9,198.48,193.24,194.31,52319960
2020-07-02,195.39,195.84,194.4,195.28,34180240
2020-07-03,195.64,197.48,194.77,197.2,26437660
2020-07-06,199.21,201.75,198.53,199.99,46530930
2020-07-07,199.7,199.94,197.75,197.96,35189640
2020-07-08,197.98,201.19,197.55,201.17,30744910
2020-07-09,201.48,202.0,198.4,199.44,40528750
2020-07-10,198.22,201.7,197.22,200.94,39060000
2020-07-13,201.6,202.33,195.5,195.7,63039880
2020-07-14,195.02,196.65,192.48,193.6,83198180
2020-07-15,180.6,184.27,179.8,182.26,73993160
2020-07-16,181.06,183.8,181.06,183.32,29446890
2020-07-17,183.8,184.93,182.87,184.65,25485050
2020-07-20,184.68,188.41,183.88,188.36,30025150
2020-07-21,189.0,189.77,186.25,186.78,44428780
2020-07-22,187.03,188.59,186.07,187.15,22774280
2020-07-23,187.5,188.3,184.4,184.69,29810820
2020-07-24,184.86,186.45,184.12,185.45,30444550
2020-07-27,185.52,185.92,184.2,185.03,22787280
2020-07-28,185.1,185.46,183.6,184.3,26644520
2020-07-29,184.5,185.35,183.42,184.69,27906170
2020-07-30,184.44,184.73,180.91,182.52,34046830
2020-07-31,182.6,184.84,181.61,182.59,44968290
2020-08-03,182.5,184.03,181.72,183.6,28662180
2020-08-04,184.05,184.68,182.17,183.31,32447880
2020-08-05,183.58,189.98,183.35,189.15,75449690
2020-08-06,189.58,189.92,187.13,189.07,42874410
2020-08-07,188.45,188.57,185.81,187.23,28835690
2020-08-10,187.49,188.85,186.83,187.7,24237870
2020-08-11,187.88,192.4,187.88,189.7,51928900
2020-08-12,190.5,193.29,189.32,192.8,35624280
2020-08-13,192.51,194.44,191.25,193.76,37890900
2020-08-14,194.27,194.27,190.71,192.83,29788920
2020-08-17,193.83,194.68,189.2,190.47,55761900
2020-08-18,190.07,191.95,189.25,190.3,27793010
2020-08-19,190.48,191.99,189.0,189.26,31486780
2020-08-20,188.78,188.94,185.58,186.95,37700610
2020-08-21,187.25,187.79,183.5,184.51,33845750
2020-08-24,185.4,187.44,184.84,187.1,24295200
2020-08-25,187.45,187.99,184.73,186.25,19562590
2020-08-26,186.22,188.0,185.0,187.48,25461430
2020-08-27,187.5,188.01,182.62,184.58,38191360
2020-08-28,184.95,185.22,182.48,182.9,34312740
2020-08-31,183.11,184.28,180.51,181.01,47470180
2020-09-01,181.4,184.87,181.01,184.22,48042850
2020-09-02,184.8,186.29,181.1,181.95,50328430
2020-09-03,182.48,182.59,178.6,179.13,62964070
2020-09-04,178.98,180.56,178.0,179.55,43042720
2020-09-07,178.63,179.75,175.94,177.04,38997650
2020-09-08,176.99,177.43,172.4,172.95,63849810
2020-09-09,172.72,175.35,172.33,173.69,41984320
2020-09-10,173.9,174.64,171.11,173.8,34024710
2020-09-11,174.43,178.27,173.1,178.05,36949100
2020-09-14,178.44,180.8,177.52,178.19,37721940
2020-09-15,178.03,182.95,178.01,182.22,42494160
2020-09-16,182.67,184.16,181.35,183.26,37431070
2020-09-17,181.8,184.84,180.34,183.9,49875980
2020-09-18,184.4,184.7,181.34,181.52,45239980
2020-09-21,181.37,181.37,175.36,177.17,41362910
2020-09-22,176.51,180.9,176.42,179.0,36413920
2020-09-23,179.82,180.37,176.81,177.0,31918090
2020-09-24,176.0,178.49,171.9,174.23,49893020
2020-09-25,175.1,175.17,169.6,173.77,96326410
2020-09-28,174.2,175.38,171.29,172.74,50545940
2020-09-29,172.75,173.47,170.0,171.44,48790750
2020-09-30,171.04,171.98,169.8,169.97,48630880
2020-10-01,171.16,171.4,167.97,168.4,60359030
2020-10-02,167.38,169.95,167.22,169.47,40347360
2020-10-05,170.11,170.88,168.58,170.64,37440350
2020-10-06,170.7,173.41,170.5,171.35,64134630
2020-10-07,171.75,172.26,167.04,168.23,65840210
2020-10-08,168.19,168.86,166.15,167.43,36673250
2020-10-09,167.8,168.19,165.77,166.97,41538260
2020-10-12,167.5,169.8,166.87,169.05,38968420
2020-10-13,169.13,169.47,165.82,166.37,34698350
2020-10-14,166.68,167.63,165.71,167.24,26685620
2020-10-15,166.87,168.85,166.0,167.16,39904910
2020-10-16,167.24,167.25,163.56,163.98,50415600
2020-10-19,165.0,165.6,163.0,163.6,34057190
2020-10-20,163.74,167.12,162.8,166.53,50479100
2020-10-21,166.8,167.3,163.87,164.37,36692530
2020-10-22,163.87,166.53,163.66,165.27,39965630
2020-10-23,165.15,165.88,164.39,164.96,32927650
2020-10-26,164.44,164.96,161.1,162.17,53503300
2020-10-27,162.11,162.62,158.21,159.21,58290360
2020-10-28,158.98,158.99,153.7,154.3,86900330
2020-10-29,155.01,157.3,154.2,156.74,52782610
2020-10-30,155.0,156.2,154.08,154.28,42721140
2020-11-02,153.98,157.98,151.9,157.74,69727760
2020-11-03,158.21,161.92,157.44,161.09,71122150
2020-11-05,163.8,165.25,161.99,163.7,73279220
2020-11-06,163.0,165.84,161.52,164.92,51681030
2020-11-09,166.72,171.5,164.9,170.13,103450630
2020-11-10,169.03,173.64,167.63,172.92,76691660
2020-11-11,173.5,175.15,170.26,170.53,72044740
2020-11-12,170.0,175.3,169.75,172.91,71999190
2020-11-13,172.9,181.27,172.42,180.3,104617540
2020-11-16,181.01,185.62,180.3,185.32,89649230
2020-11-17,185.05,185.31,178.83,182.9,99345370
2020-11-18,182.2,187.69,180.8,185.0,69125570
2020-11-19,185.2,185.88,181.92,184.16,53232210
2020-11-20,184.1,184.36,182.1,183.21,31876920
2020-11-23,183.62,185.63,182.77,184.15,41077210
2020-11-24,185.09,187.3,183.97,186.76,60743160
2020-11-25,187.0,188.76,185.85,188.03,51148420
2020-11-26,188.24,189.1,184.6,185.52,45757740
2020-11-27,185.04,186.75,182.56,185.9,50011450
2020-11-30,185.13,185.14,180.04,181.89,73295130
2020-12-01,182.6,188.09,181.78,185.34,67290280
2020-12-02,185.0,187.24,183.12,187.22,40251760
2020-12-03,186.99,187.58,184.37,185.12,35903910
2020-12-04,186.21,189.42,185.85,188.79,50721800
2020-12-07,188.22,192.85,187.8,190.76,53541370
2020-12-08,190.35,191.45,187.8,190.0,48446440
2020-12-09,190.3,193.09,189.05,189.35,52697850
2020-12-10,189.55,193.51,188.67,192.95,54365050
2020-12-11,193.01,201.63,192.31,201.5,103071320
2020-12-14,203.5,207.85,198.78,199.91,123347920
2020-12-15,199.01,202.29,197.05,201.0,65566700
2020-12-16,201.0,206.2,199.54,206.2,75249280
2020-12-17,206.69,215.38,206.51,214.52,159625790
2020-12-18,214.0,214.5,207.22,212.69,133803690
2020-12-21,209.97,209.99,200.8,203.46,123672020
2020-12-22,200.7,210.68,199.19,208.4,109993910
2020-12-23,209.0,212.78,206.2,207.63,78924440
2020-12-24,208.52,209.96,203.15,206.24,59174500
2020-12-25,206.2,206.73,204.01,205.03,16533260
2020-12-28,205.53,207.86,205.15,206.11,35056750
2020-12-29,206.98,210.0,206.61,208.75,42372300
2020-12-30,209.88,213.38,209.5,212.98,74736890
2021-01-04,212.71,216.63,211.64,212.71,55458730
2021-01-05,213.2,215.38,210.22,215.32,48937810
2021-01-06,215.5,216.8,213.07,214.38,47945190
2021-01-08,217.12,226.24,217.0,225.49,101044690
2021-01-11,225.17,231.0,221.81,227.6,112708870
2021-01-12,229.0,231.44,225.66,228.69,64400230
2021-01-13,229.29,230.35,225.2,226.8,61137970
2021-01-14,226.15,229.57,223.2,228.86,60219960
2021-01-15,227.5,230.7,226.0,226.5,54810260
2021-01-18,225.55,228.5,221.34,226.88,69177560
2021-01-19,227.65,228.85,223.0,223.15,66678920
2021-01-20,223.0,225.78,221.55,224.3,51387730
2021-01-21,224.38,224.96,217.22,217.28,76728280
2021-01-22,216.5,216.5,210.5,215.49,94814510
2021-01-25,216.9,219.66,214.53,218.68,74569300
2021-01-26,216.52,220.29,215.71,218.8,45214780
2021-01-27,219.49,222.0,216.44,217.4,59298790
2021-01-28,215.99,219.49,214.26,217.7,52428850
2021-01-29,216.7,216.75,212.47,212.83,66780470
2021-02-01,214.7,214.87,212.24,214.66,39370050
2021-02-02,215.6,219.74,213.25,214.42,78073300
2021-02-03,215.42,218.42,213.79,218.1,46028500
2021-02-04,218.7,221.4,216.88,219.79,47943720
2021-02-05,220.68,222.21,219.0,222.01,42219420
2021-02-08,223.04,228.0,223.0,228.0,67207330
2021-02-09,229.0,229.49,225.8,227.73,60643590
2021-02-10,227.98,228.29,221.8,223.24,41902370
2021-02-11,223.49,223.67,220.73,221.35,34551030
2021-02-12,220.6,227.47,216.77,226.71,69245440
2021-02-15,228.49,230.0,226.7,229.22,59946680
2021-02-16,230.0,233.22,227.57,232.46,86023550
2021-02-17,232.32,233.35,225.33,229.14,64553410
2021-02-18,229.0,229.0,224.01,224.47,43788250
2021-02-19,224.01,226.26,221.1,226.0,44899380
2021-02-20,226.4,227.1,225.0,225.84,6060530
2021-02-22,226.46,227.3,223.04,225.63,31459520
2021-02-24,224.42,225.64,220.85,222.55,40872710
2021-02-25,223.47,225.5,221.22,221.7,42751740
2021-02-26,220.56,221.68,217.2,217.56,63838480
2021-03-01,219.33,222.01,218.25,221.47,28412480
2021-03-02,220.0,224.11,219.76,222.74,34204970
2021-03-03,224.2,226.79,221.7,222.15,33273090
2021-03-04,221.9,226.69,219.5,221.14,46450100
2021-03-05,222.01,228.42,220.02,227.0,55804810
2021-03-09,227.5,233.07,226.05,232.1,73810410
2021-03-10,231.87,235.5,230.66,231.69,55391920
2021-03-11,232.89,233.53,230.07,232.47,32160630
2021-03-12,232.0,234.39,230.6,233.8,28836880
2021-03-15,234.98,238.09,234.46,237.79,46193890
2021-03-16,237.3,238.23,233.8,234.02,38088000
2021-03-17,233.85,234.56,227.21,229.9,62112040
2021-03-18,230.0,231.79,223.7,224.35,67606510
2021-03-19,222.75,226.64,222.37,225.4,58806150
2021-03-22,225.14,225.34,220.79,221.88,58497810
2021-03-23,221.2,224.44,219.81,221.62,43130740
2021-03-24,222.35,225.45,220.53,223.65,36717810
2021-03-25,224.2,225.38,222.7,224.84,29768500
2021-03-26,225.7,227.6,225.13,227.3,26765780
2021-03-29,226.79,229.15,226.31,228.74,23773400
2021-03-30,228.95,230.1,225.04,225.93,26821160
2021-03-31,226.4,228.4,223.32,227.24,38853480
2021-04-01,228.4,231.67,225.75,226.94,43834500
2021-04-02,227.0,229.2,226.54,228.4,12639110
2021-04-05,227.92,227.92,224.13,225.06,23956590
2021-04-06,226.0,226.55,221.91,222.95,36300060
2021-04-07,222.31,226.01,220.68,224.51,29509280
2021-04-08,224.84,226.3,222.88,224.3,19421940
2021-04-09,224.2,224.3,221.48,222.15,20915750
2021-04-12,220.98,224.25,219.6,222.87,29320420
2021-04-13,223.0,228.33,221.1,227.99,39097660
2021-04-14,230.58,236.58,229.31,235.32,92446640
2021-04-15,230.1,236.39,228.23,234.63,63090250
2021-04-16,235.49,237.45,232.7,235.1,46274480
2021-04-19,234.5,234.9,230.28,231.17,39740240
2021-04-20,231.56,233.17,229.0,230.0,43935840
2021-04-21,230.0,231.8,228.37,230.84,35499700
2021-04-22,230.68,232.15,227.14,230.93,60354570
2021-04-23,231.29,233.3,230.0,232.62,35452910
2021-04-26,233.0,234.91,232.16,233.23,28722530
2021-04-27,233.41,235.14,231.21,232.0,29292630
2021-04-28,232.55,233.24,230.2,232.96,37522280
2021-04-29,234.07,236.18,229.0,230.51,55649060
2021-04-30,230.11,231.6,228.86,231.38,32114120
2021-05-04,232.2,234.3,230.96,233.8,37971060
2021-05-05,234.21,237.77,233.69,237.5,38151660
2021-05-06,237.9,243.32,237.75,243.0,50392530
2021-05-07,243.49,243.99,240.78,241.7,37202190
2021-05-10,242.35,244.3,240.52,241.41,32419730
2021-05-11,240.24,243.17,239.05,242.5,35851190
2021-05-12,242.01,244.42,241.56,241.79,33301670
2021-05-13,242.3,247.29,242.05,247.16,64223010
2021-05-14,248.0,250.4,247.53,249.55,50360050
2021-05-17,250.0,255.25,249.45,255.15,41131010
2021-05-18,256.1,268.38,254.54,266.22,86426350
2021-05-19,263.9,264.5,256.0,260.9,93580930
2021-05-20,260.8,262.78,256.9,259.16,46561170
2021-05-21,260.04,260.7,257.12,258.0,29121200
2021-05-24,258.58,261.47,257.12,261.24,24679160
2021-05-25,262.31,262.72,258.31,259.79,30710070
2021-05-26,260.52,263.33,260.01,263.09,34679380
2021-05-27,261.98,263.75,261.22,262.96,57622500
2021-05-28,263.79,265.93,261.35,262.0,35300830
2021-05-31,261.0,261.6,259.3,261.03,21501820
2021-06-01,261.97,264.76,261.58,263.86,32763300
2021-06-02,264.05,271.36,263.55,271.15,53358040
2021-06-03,272.31,274.3,268.2,272.1,52911460
2021-06-04,271.99,276.22,269.58,274.3,54413780
2021-06-07,274.01,276.7,273.85,275.67,34319270
2021-06-08,275.35,277.58,272.91,275.36,53123740
2021-06-09,275.98,276.39,273.76,275.65,28265930
2021-06-10,275.49,277.77,274.32,276.1,37264440
2021-06-11,276.58,278.0,274.85,277.05,26621830
2021-06-14,277.56,280.45,277.22,279.5,28193270
2021-06-15,279.92,280.14,272.63,272.72,52232300
2021-06-16,272.9,275.23,270.12,271.8,67263730
2021-06-17,270.9,273.89,269.1,272.5,43674630
2021-06-18,271.54,273.18,268.65,270.06,52728780
2021-06-21,269.78,272.86,268.09,272.62,27454560
2021-06-22,273.5,277.0,272.89,277.0,36984070
2021-06-23,277.89,279.56,276.67,277.35,33618550
2021-06-24,278.2,279.47,275.5,277.47,42585400
2021-06-25,277.8,277.92,276.12,277.19,29722970
2021-06-28,277.22,279.61,276.43,276.99,28099160
2021-06-29,276.12,277.5,273.17,276.8,37633800
2021-06-30,277.27,281.82,276.5,281.8,60396020
2021-07-01,281.85,286.25,281.85,285.74,50115210
2021-07-02,285.59,286.19,282.8,285.65,29339980
2021-07-05,286.0,291.49,285.78,291.1,34243600
2021-07-06,292.08,295.97,291.34,293.45,80381100
2021-07-07,293.89,297.48,293.47,297.39,67079280
2021-07-08,296.45,297.0,290.33,292.86,52744990
2021-07-09,293.5,295.58,292.0,295.22,40986480
2021-07-12,295.51,298.48,294.9,297.39,43364640
2021-07-13,297.75,297.77,293.0,293.83,49315260
2021-07-14,282.89,286.93,282.88,284.6,52948770
2021-07-15,284.58,285.11,278.96,280.01,41728020
2021-07-16,279.22,282.0,278.0,279.65,27987640
2021-07-19,277.11,279.51,273.15,275.51,42832990
2021-07-20,276.78,278.68,273.1,277.3,31048390
2021-07-21,277.5,285.01,276.0,282.9,41101790
2021-07-22,283.5,285.09,281.21,283.28,40285560
2021-07-23,283.2,285.0,279.05,279.51,38272140
2021-07-26,277.37,281.37,276.7,281.05,27439580
2021-07-27,280.18,280.83,276.84,278.08,28471230
2021-07-28,277.88,282.98,277.7,282.2,32860920
2021-07-29,283.97,287.75,283.58,287.0,41353890
2021-07-30,285.02,287.58,283.28,287.35,46773520
2021-08-02,287.88,289.48,285.21,286.75,38392570
2021-08-03,286.75,288.05,284.34,287.09,27070670
2021-08-04,287.88,288.8,286.0,287.94,23631110
2021-08-05,287.33,288.28,285.16,285.95,47269220
2021-08-06,285.26,285.72,277.87,282.27,90792250
2021-08-09,282.25,287.9,280.8,286.68,68957480
2021-08-10,288.0,288.8,285.7,288.61,28927610
2021-08-11,288.97,291.49,287.12,290.35,37960320
2021-08-12,290.3,293.81,290.25,293.23,37650060
2021-08-13,292.7,293.9,291.75,292.7,21917770
2021-08-16,291.47,295.48,290.95,295.1,32411920
2021-08-17,295.13,299.5,290.32,298.32,50524670
2021-08-18,299.0,299.95,295.0,295.05,35618640
2021-08-19,293.46,294.72,289.68,293.68,56275610
2021-08-20,293.8,294.9,289.5,292.57,38649700
2021-08-23,294.7,297.94,294.1,297.69,38100520
2021-08-24,299.0,301.0,295.95,298.7,49067610
2021-08-25,298.7,299.2,294.37,296.7,30922290
2021-08-26,296.0,296.0,293.04,294.34,25006370
2021-08-27,295.8,300.0,294.81,299.66,34147490
2021-08-30,301.7,305.5,299.97,305.17,69972550
2021-08-31,305.83,307.67,304.1,305.65,64372840
2021-09-01,306.6,313.95,306.19,312.89,79523870
2021-09-02,313.59,314.8,310.3,312.3,53414130
2021-09-03,312.7,317.96,311.16,317.94,63678420
2021-09-06,319.0,329.35,318.6,328.93,80210780
2021-09-07,329.93,333.0,325.5,327.73,72178370
2021-09-08,328.49,328.5,322.22,327.6,58863620
2021-09-09,326.0,328.14,323.5,324.57,40571600
2021-09-10,327.0,330.0,325.5,326.43,41485730
2021-09-13,328.0,333.0,327.3,332.75,55444990
2021-09-14,333.1,339.92,332.36,338.98,97274480
2021-09-15,339.39,344.2,337.72,343.34,108867890
2021-09-16,342.0,342.99,337.03,338.5,94886460
2021-09-17,338.72,339.29,333.3,334.5,61479080
2021-09-20,329.72,332.0,321.26,325.7,73276540
2021-09-21,328.7,336.78,328.44,335.3,77509780
2021-09-22,338.4,341.49,337.4,340.59,61109370
2021-09-23,342.0,345.2,339.43,343.47,63892160
2021-09-24,343.6,344.9,340.0,344.29,40191890
2021-09-27,347.95,355.19,347.0,355.19,81133200
2021-09-28,359.0,361.8,353.68,354.07,94125920
2021-09-29,354.05,360.94,352.3,360.88,60264350
2021-09-30,363.25,364.53,359.53,360.8,70092520
2021-10-01,358.45,363.78,356.0,363.25,47659550
2021-10-04,364.67,378.33,364.3,376.06,102362800
2021-10-05,378.02,389.82,378.02,389.82,134614700
2021-10-06,395.0,397.64,370.25,381.3,216502410
2021-10-07,382.18,384.3,361.61,370.7,160554040
2021-10-08,371.5,373.0,364.77,366.17,70261940
2021-10-11,369.0,372.61,363.7,369.81,78177900
2021-10-12,367.27,368.85,362.25,364.1,56815900
2021-10-13,365.24,365.44,352.71,362.77,102186900
2021-10-14,366.4,369.7,364.35,367.0,59934070
2021-10-15,368.4,369.35,366.61,367.76,35905630
2021-10-18,365.01,366.45,360.15,363.5,43094820
2021-10-19,364.98,368.83,362.24,368.83,51542530
2021-10-20,367.99,370.75,365.5,369.97,39499280
2021-10-21,368.0,370.19,360.88,363.37,46503390
2021-10-22,361.4,364.19,357.48,358.12,48431440
2021-10-25,359.99,365.84,356.69,364.84,57341870
2021-10-26,365.0,369.33,362.54,364.82,51744950
2021-10-27,363.29,365.49,361.18,362.17,30679710
2021-10-28,360.98,362.02,351.62,353.21,86591740
2021-10-29,351.1,352.6,345.4,350.18,75024390
2021-11-01,350.2,359.3,350.2,359.1,46501290
2021-11-02,359.24,360.0,351.24,352.48,43005590
2021-11-03,350.56,353.86,346.62,353.02,37903170
2021-11-05,352.0,354.8,349.23,350.6,25727240
2021-11-08,353.0,356.34,348.34,351.47,39809120
2021-11-09,351.06,353.61,346.99,349.46,31042610
2021-11-10,349.99,351.25,344.2,345.8,35473970
2021-11-11,346.94,348.43,343.8,347.44,40279860
2021-11-12,347.0,347.15,331.0,333.6,127208680
2021-11-15,333.8,341.81,333.67,340.3,64250540
2021-11-16,341.48,342.85,331.61,336.79,64668540
2021-11-17,336.0,351.82,334.83,349.98,79029610
2021-11-18,350.05,359.32,342.28,345.56,102199020
2021-11-19,348.47,350.73,334.2,337.62,96027860
2021-11-22,334.99,335.68,316.66,319.2,151496580
2021-11-23,316.09,341.77,310.62,341.77,150584250
2021-11-24,343.87,348.0,332.75,338.3,93699350
2021-11-25,340.0,343.0,335.7,337.55,48788260
2021-11-26,325.0,332.0,320.1,326.0,104012060
2021-11-29,335.0,345.33,331.96,339.2,99631910
2021-11-30,332.5,342.55,331.5,334.24,130559830
2021-12-01,338.51,350.37,337.61,345.21,93124760
2021-12-02,347.3,352.67,344.8,350.3,75484820
2021-12-03,351.5,353.13,343.21,345.99,51710280
2021-12-06,347.21,349.36,333.35,338.94,71017940
2021-12-07,339.25,346.0,333.43,344.96,75514200
2021-12-08,346.0,348.47,336.53,340.5,78326320
2021-12-09,341.28,344.2,335.72,336.6,61413030
2021-12-10,337.36,338.31,329.98,332.0,44649420
2021-12-13,333.08,334.88,305.76,307.26,140582280
2021-12-14,307.0,320.0,289.78,319.35,168689260
2021-12-15,319.58,325.83,316.5,324.09,79752150
2021-12-16,326.17,332.3,325.38,328.39,95509910
2021-12-17,327.98,329.7,323.03,327.3,72102360
2021-12-20,323.97,326.0,316.11,325.9,70846810
2021-12-21,326.61,339.88,326.5,339.88,80085260
2021-12-22,340.0,349.59,339.29,345.55,96838060
2021-12-23,346.1,348.32,337.0,339.81,72151400
2021-12-24,339.26,340.98,334.55,338.79,39008160
2021-12-27,339.7,343.97,339.33,343.97,29930500
2021-12-28,344.0,346.6,342.55,343.23,34857640
2021-12-29,343.43,344.48,337.13,340.33,43011360
2021-12-30,340.75,344.0,337.4,342.39,40856900
2022-01-03,345.0,353.88,344.3,353.73,40118360
2022-01-04,353.98,358.1,348.35,352.55,52707650
2022-01-05,351.9,353.5,331.55,335.0,80976450
2022-01-06,335.9,347.67,330.11,346.13,74599950
2022-01-10,348.56,351.0,340.51,344.0,51090750
2022-01-11,344.68,347.0,341.27,343.74,41969410
2022-01-12,344.48,348.64,339.57,347.43,53456250
2022-01-13,347.01,347.5,333.49,337.6,118269470
2022-01-14,338.59,340.96,321.51,335.76,120568340
2022-01-17,335.9,338.95,319.17,327.81,96946290
2022-01-18,329.11,329.3,296.7,301.11,220122140
2022-01-19,299.0,320.42,282.72,318.36,220090450
2022-01-20,318.4,326.69,310.07,310.42,130272450
2022-01-21,309.49,321.99,303.5,311.6,119138170
2022-01-24,310.8,314.0,280.6,294.59,236552480
2022-01-25,293.94,305.0,289.62,302.96,143186690
2022-01-26,302.9,307.7,293.7,299.6,125078000
2022-01-27,296.93,330.0,294.0,325.25,216081130
2022-01-28,325.5,334.9,322.05,329.58,116239740
2022-01-31,330.9,336.41,330.52,334.8,69919140
2022-02-01,334.95,336.63,325.3,330.95,68010800
2022-02-02,332.39,333.7,325.7,331.7,54760820
2022-02-03,330.0,331.0,322.3,323.75,57601360
2022-02-04,325.5,334.5,320.88,324.6,88655550
2022-02-07,324.51,327.44,316.64,321.25,56310540
2022-02-08,321.45,331.87,319.0,331.7,77966650
2022-02-09,332.3,336.0,330.18,335.08,63273270
2022-02-10,335.41,335.47,328.1,328.93,61934110
2022-02-11,328.97,328.97,316.2,318.1,100771640
2022-02-14,314.1,324.9,303.25,321.85,121315290
2022-02-15,322.43,335.5,322.43,333.6,96884740
2022-02-16,335.86,339.98,331.62,336.5,77190530
2022-02-17,336.37,336.37,322.04,323.51,102164080
2022-02-18,325.51,329.32,306.7,309.48,125466600
2022-02-21,309.48,318.9,241.0,257.3,413310930
2022-02-22,253.95,284.07,246.7,283.51,324950590
2022-02-24,255.02,255.02,126.53,210.0,414024040
2022-02-25,208.01,244.94,191.6,228.0,211877250
2022-03-24,251.41,278.9,232.0,258.51,85870120
2022-03-25,263.99,269.33,225.6,227.0,67384870
2022-03-28,225.0,229.45,213.03,218.6,25249730
2022-03-29,220.0,226.0,206.0,208.0,40380090
2022-03-30,211.0,219.41,210.52,216.0,38680160
2022-03-31,218.98,249.0,217.1,242.48,84081100
2022-04-01,245.9,258.7,242.48,251.4,50666270
2022-04-04,254.03,259.99,237.31,252.9,41058980
2022-04-05,254.0,256.39,231.45,243.5,39973220
2022-04-06,238.41,247.8,234.41,239.7,20595350
2022-04-07,240.04,246.8,239.13,245.0,22416890
2022-04-08,246.79,246.79,240.0,241.07,14845610
2022-04-11,241.9,242.78,234.16,234.55,15676960
2022-04-12,234.0,236.63,223.0,236.3,26676990
2022-04-13,238.0,239.64,232.13,234.87,12702160
2022-04-14,235.0,235.5,221.1,222.11,21964490
2022-04-15,222.0,226.65,215.74,224.0,19981170
2022-04-18,224.1,226.0,216.6,216.99,15632330
2022-04-19,216.9,222.0,207.0,220.72,30711040
2022-04-20,221.43,229.84,215.63,218.92,33617060
2022-04-21,220.0,221.0,210.29,210.29,24332810
2022-04-22,210.5,215.0,207.01,208.0,28813400
2022-04-25,209.95,209.95,201.12,206.35,18864290
2022-04-26,207.97,229.74,206.54,225.85,46546720
2022-04-27,226.01,237.5,221.61,237.15,48324930
2022-04-28,239.4,249.0,235.5,237.53,69099750
2022-04-29,238.55,245.43,238.0,240.4,43469200
2022-05-04,241.0,244.39,233.12,234.16,20992990
2022-05-05,235.54,239.4,235.08,238.6,14822190
2022-05-06,238.5,242.92,235.1,240.1,18010420
2022-05-11,239.8,243.35,237.58,241.99,16603030
2022-05-12,241.89,241.89,227.22,230.56,24430110
2022-05-13,232.5,237.2,229.02,235.52,17353200
2022-05-16,234.0,246.95,233.11,244.2,28311920
2022-05-17,246.01,260.0,245.3,258.8,60032370
2022-05-18,261.1,269.42,261.0,264.84,51227600
2022-05-19,268.0,269.78,262.65,266.68,24980910
2022-05-20,268.46,268.9,260.41,263.0,27615130
2022-05-23,265.44,273.0,263.0,263.0,30637540
2022-05-24,263.0,267.29,250.4,265.8,52381290
2022-05-25,268.48,271.66,263.8,271.4,37552300
2022-05-26,273.0,298.31,245.0,295.89,146408540
2022-05-27,300.0,305.0,293.53,294.5,54310020
2022-05-30,298.61,302.0,296.28,300.8,30930880
2022-05-31,302.0,302.0,293.51,293.75,19592220
2022-06-01,293.5,299.5,290.25,297.69,22582050
2022-06-02,297.69,299.33,294.9,296.0,16707880
2022-06-03,296.05,297.24,291.0,297.0,18775010
2022-06-06,298.0,299.0,295.12,296.5,14848710
2022-06-07,297.42,298.69,294.52,297.99,15684380
2022-06-08,298.8,309.6,298.16,308.0,40392440
2022-06-09,310.0,310.52,303.2,306.5,26451350
2022-06-10,306.48,310.98,305.06,309.2,20352100
2022-06-14,308.98,322.77,307.0,317.69,47542290
2022-06-15,319.0,322.99,314.11,316.2,33734980
2022-06-16,316.5,318.25,314.5,316.99,23547120
2022-06-17,317.54,317.7,313.5,315.5,13129490
2022-06-20,316.06,318.0,311.0,311.98,21076640
2022-06-21,312.31,312.86,300.77,301.58,50661420
2022-06-22,300.1,301.91,294.36,295.8,48837190
2022-06-23,295.81,304.6,291.1,303.5,46762610
2022-06-24,304.0,307.45,295.55,296.0,35940500
2022-06-27,296.0,299.8,295.1,296.2,22197920
2022-06-28,296.9,303.88,293.22,297.2,39961760
2022-06-29,297.91,300.78,293.8,297.65,34170360
2022-06-30,299.5,310.82,200.0,207.0,308032430
2022-07-01,200.48,201.85,186.2,192.5,114378500
2022-07-04,191.99,195.44,181.2,186.25,82969140
2022-07-05,186.25,199.87,185.2,197.3,76016250
2022-07-06,197.78,205.78,194.44,195.42,82419920
2022-07-07,195.42,199.47,192.36,197.92,43747570
2022-07-08,200.0,201.87,196.57,198.0,28893760
2022-07-11,198.0,199.43,188.79,188.9,46550690
2022-07-12,189.15,193.0,184.0,191.4,46890990
2022-07-13,191.22,194.0,185.3,186.0,33253510
2022-07-14,186.37,188.1,183.11,184.55,29125140
2022-07-15,184.6,188.9,183.22,187.61,23052570
2022-07-18,189.0,189.5,185.52,186.7,16988830
2022-07-19,186.0,189.6,184.6,189.51,22601570
2022-07-20,190.0,195.8,190.0,193.3,44078600
2022-07-21,194.65,195.45,188.0,189.59,27814900
2022-07-22,189.0,192.95,188.6,192.25,17869300
2022-07-25,192.6,194.65,190.56,192.0,22138550
2022-07-26,192.0,194.49,191.2,193.95,20004890
2022-07-27,194.5,197.5,194.1,196.49,28393430
2022-07-28,198.0,198.79,195.0,196.25,22017040
2022-07-29,196.25,196.8,193.5,195.26,14151520
2022-08-01,194.5,194.69,192.0,192.0,13080650
2022-08-02,191.56,191.68,186.8,187.16,24300060
2022-08-03,187.51,188.97,186.31,187.04,12063310
2022-08-04,187.0,187.22,184.3,184.9,13353850
2022-08-05,184.7,185.62,175.75,176.58,49095300
2022-08-08,180.0,181.82,177.25,177.86,33176870
2022-08-09,178.0,181.38,175.2,181.04,24425460
2022-08-10,181.04,182.33,178.53,178.81,20457670
2022-08-11,179.49,180.63,173.51,174.1,26791740
2022-08-12,174.5,175.88,172.29,174.36,20504730
2022-08-15,174.01,175.5,172.4,174.8,18502690
2022-08-16,175.5,181.61,174.7,181.3,33089780
2022-08-17,181.9,182.49,176.4,176.5,24237120
2022-08-18,176.3,179.37,175.5,178.87,16035660
2022-08-19,178.78,178.9,176.6,177.6,9218560
2022-08-22,177.4,182.2,176.88,181.7,22797150
2022-08-23,182.39,185.8,182.1,184.3,26932120
2022-08-24,184.7,186.66,182.19,182.83,17562350
2022-08-25,183.0,184.6,180.8,181.9,14907210
2022-08-26,181.7,184.2,180.5,183.62,13018100
2022-08-29,183.15,190.0,182.65,190.0,30577150
2022-08-30,190.45,204.2,190.45,204.0,112562060
2022-08-31,224.4,275.96,224.4,254.9,239413560
2022-09-01,258.0,259.85,247.62,249.11,83676830
2022-09-02,249.68,253.95,246.22,252.8,37791570
2022-09-05,251.0,252.11,248.55,250.0,30359680
2022-09-06,249.99,250.2,241.0,246.0,51580940
2022-09-07,245.8,245.8,241.55,241.55,31496650
2022-09-08,241.55,245.3,237.84,243.95,39144110
2022-09-09,244.48,247.2,242.16,245.34,27284440
2022-09-12,243.99,247.0,241.06,243.3,31291710
2022-09-13,243.9,245.29,241.8,242.64,21638060
2022-09-14,242.29,243.39,240.0,243.32,19834970
2022-09-15,243.32,244.3,241.91,243.68,22166490
2022-09-16,243.67,248.2,241.83,243.8,37380700
2022-09-19,243.19,245.91,242.71,244.21,21338940
2022-09-20,242.4,243.45,200.01,221.15,213251680
2022-09-21,196.5,218.78,192.0,214.07,100156140
2022-09-22,215.01,237.77,215.01,231.45,126460980
2022-09-23,233.4,234.5,222.22,224.84,62916290
2022-09-26,219.0,221.9,200.62,206.0,103858500
2022-09-27,211.36,217.36,207.12,217.3,81350390
2022-09-28,217.0,223.7,208.66,217.38,83423270
2022-09-29,219.5,226.8,210.51,226.46,70257170
2022-09-30,231.68,238.72,189.42,217.7,245888420
2022-10-03,219.0,220.55,213.63,215.83,50702010
2022-10-04,216.48,216.7,208.8,210.72,49758590
2022-10-05,211.5,211.5,202.85,209.05,53221220
2022-10-06,210.0,216.88,209.06,212.86,51655640
2022-10-07,212.84,212.84,195.01,195.15,101567600
2022-10-10,181.26,181.26,137.1,163.89,117002020
2022-10-11,163.89,165.2,159.62,162.89,33263090
2022-10-12,163.5,164.0,160.31,161.8,18207590
2022-10-13,161.69,162.45,159.48,160.84,19844500
2022-10-14,161.0,161.16,158.64,159.6,15405020
2022-10-17,160.0,163.8,159.6,163.24,26848530
2022-10-18,164.0,164.64,159.1,160.2,20793190
2022-10-19,159.1,161.5,157.4,161.29,23659150
2022-10-20,161.69,162.48,160.15,160.75,14362750
2022-10-21,160.0,169.96,159.03,166.99,35542660
2022-10-24,168.0,168.88,164.82,165.47,25935680
2022-10-25,166.0,174.69,164.22,172.38,47641350
2022-10-26,173.16,173.42,168.7,171.98,34577420
2022-10-27,172.5,173.98,171.3,172.47,23317060
2022-10-28,171.89,172.35,169.41,170.73,29765070
2022-10-31,170.73,171.5,169.21,170.27,16029910
2022-11-01,170.9,171.29,169.75,169.92,16818990
2022-11-02,169.92,170.45,167.1,167.72,18473590
2022-11-03,167.01,169.65,166.68,169.14,18183990
2022-11-07,171.01,171.59,169.52,169.85,22049230
2022-11-08,170.05,172.0,169.17,169.97,25270830
2022-11-09,169.84,170.32,166.15,167.1,19094240
2022-11-10,167.5,170.18,167.18,168.9,23976360
2022-11-11,169.27,170.6,167.51,169.86,16602030
2022-11-14,170.84,171.92,166.51,169.6,30081630
2022-11-15,171.08,171.3,161.79,166.25,33224560
2022-11-16,166.6,169.15,166.6,168.76,14139420
2022-11-17,168.8,169.8,168.01,168.99,10921310
2022-11-18,169.2,169.25,167.51,168.79,10143350
2022-11-21,168.55,168.67,167.0,168.13,10291110
2022-11-22,167.89,168.5,167.45,168.08,9949620
2022-11-23,168.2,170.6,167.5,169.15,18366230
2022-11-24,169.41,170.87,168.6,168.96,10807160
2022-11-25,169.48,169.53,168.1,169.03,10192570
2022-11-28,168.0,168.67,167.52,168.1,9571790
2022-11-29,168.59,169.0,167.92,168.1,9804330
2022-11-30,167.99,168.19,167.6,167.7,11838510
2022-12-01,167.99,168.76,166.31,166.98,11990650
2022-12-02,167.0,167.19,164.18,165.86,20380560
2022-12-05,165.59,167.2,164.58,165.03,12272960
2022-12-06,165.02,165.68,163.12,164.3,13489070
2022-12-07,164.3,164.33,162.7,163.7,11225820
2022-12-08,163.56,163.99,162.71,163.0,8847010
2022-12-09,163.0,163.48,162.4,162.75,8318520
2022-12-12,163.24,163.81,161.85,162.89,13175480
2022-12-13,162.96,163.44,162.0,162.4,8494600
2022-12-14,162.26,162.49,160.25,160.74,13893850
2022-12-15,160.74,161.25,157.72,160.31,22023150
2022-12-16,160.21,162.48,159.95,160.24,13726830
2022-12-19,159.9,160.12,157.0,157.61,19335040
2022-12-20,157.49,159.45,157.38,158.94,15671170
2022-12-21,159.44,160.0,156.5,157.59,16525360
2022-12-22,157.69,159.0,157.12,157.95,10571570
2022-12-23,157.95,162.5,157.22,160.89,23300170
2022-12-26,161.73,163.1,160.8,162.12,15149270
2022-12-27,162.46,164.98,161.98,164.07,20333960
2022-12-28,164.25,164.79,161.81,161.82,13612100
2022-12-29,161.8,163.38,161.74,162.91,9234560
2022-12-30,162.91,164.0,161.8,162.56,11643310
2023-01-03,163.0,164.36,162.33,163.52,6386140
2023-01-04,163.48,163.48,162.06,162.51,6677170
2023-01-05,162.5,162.85,160.71,161.2,7605990
2023-01-06,161.2,162.59,161.1,162.1,5247160
2023-01-09,162.99,163.49,161.88,162.71,9747070
2023-01-10,162.71,162.98,161.44,162.1,7348430
2023-01-11,162.05,167.19,161.7,165.83,25247100
2023-01-12,165.71,165.79,163.75,164.17,11374610
2023-01-13,164.3,165.73,163.5,164.56,12251190
2023-01-16,165.1,166.8,164.9,165.8,14684580
2023-01-17,165.8,165.92,162.0,162.33,18071260
2023-01-18,162.52,163.96,160.81,162.18,14474410
2023-01-19,161.99,162.49,160.01,160.53,15637850
2023-01-20,160.56,161.45,158.55,158.85,16523360
2023-01-23,158.85,160.49,158.2,160.06,15094450
2023-01-24,160.3,160.83,157.44,157.88,16620430
2023-01-25,157.9,159.13,156.71,158.99,15570640
2023-01-26,159.12,159.43,157.13,157.58,12385230
2023-01-27,157.58,159.33,156.91,159.08,12293860
2023-01-30,159.08,159.67,157.7,158.41,10740220
2023-01-31,158.41,160.0,158.0,158.1,15129060
2023-02-01,158.3,158.66,157.54,158.12,14240340
2023-02-02,158.44,158.59,157.31,158.1,11991300
2023-02-03,158.09,163.96,156.76,160.87,69539880
2023-02-06,160.68,161.76,158.91,160.14,28144330
2023-02-07,160.5,161.35,159.51,159.87,13954930
2023-02-08,160.01,160.42,157.82,158.18,16688290
2023-02-09,158.5,160.44,157.6,159.19,27661050
2023-02-10,159.07,159.46,158.32,158.68,9874270
2023-02-13,159.47,159.47,158.0,158.01,11418540
2023-02-14,157.9,158.1,155.13,156.52,18614580
2023-02-15,156.05,156.07,150.6,153.09,27565120
2023-02-16,154.01,154.5,151.62,153.56,17324800
2023-02-17,153.4,155.08,152.83,153.62,13264910
2023-02-20,153.62,154.3,151.62,153.24,15317010
2023-02-21,153.61,156.43,153.61,154.97,21395970
2023-02-22,154.89,156.4,153.5,155.31,11653990
2023-02-24,155.53,156.98,153.72,154.22,9977840
2023-02-27,153.9,157.3,153.5,156.34,17130630
2023-02-28,156.49,158.09,155.56,157.66,18437840
2023-03-01,158.0,164.56,157.99,164.5,67730800
2023-03-02,164.18,164.34,159.5,160.9,53198820
2023-03-03,161.2,163.3,160.9,162.27,21331010
2023-03-06,163.2,164.3,162.52,163.35,19513700
2023-03-07,163.8,163.85,162.0,162.57,13857120
2023-03-09,162.21,163.18,161.12,161.21,13951080
2023-03-10,160.5,161.29,159.51,160.04,17242280
2023-03-13,160.35,161.62,158.3,159.03,20242370
2023-03-14,158.89,161.4,158.55,161.0,17511280
2023-03-15,161.69,162.48,158.05,159.68,24955980
2023-03-16,159.85,160.83,158.5,159.71,20918470
2023-03-17,160.19,164.41,159.85,163.29,41756740
2023-03-20,164.4,176.86,164.14,175.7,128096680
2023-03-21,176.0,177.25,168.66,170.55,107470840
2023-03-22,170.0,171.38,167.7,168.72,38941190
2023-03-23,168.72,169.71,167.82,168.84,18755770
2023-03-24,169.23,169.49,168.01,169.03,14775980
2023-03-27,170.2,173.25,169.74,172.33,36031430
2023-03-28,172.94,172.94,169.1,171.07,27050730
2023-03-29,171.58,172.5,169.41,170.95,22448680
2023-03-30,170.78,171.8,170.02,171.71,14713810
2023-03-31,172.0,172.71,168.14,169.83,31382430
2023-04-03,170.99,171.5,169.0,170.38,22791210
2023-04-04,171.0,176.0,170.14,172.55,73197080
2023-04-05,172.55,174.48,170.58,173.86,32905650
2023-04-06,174.02,175.0,171.3,171.6,30250960
2023-04-07,171.5,173.18,171.29,173.09,17927510
2023-04-10,173.55,175.2,173.23,174.54,23369990
2023-04-11,175.5,182.5,175.2,177.18,118205120
2023-04-12,178.32,179.78,175.55,178.75,37417720
2023-04-13,179.1,180.59,176.8,178.73,30771170
2023-04-14,179.0,180.1,177.1,179.5,20380880
2023-04-17,180.85,182.15,180.08,181.99,28695010
2023-04-18,182.41,184.97,182.0,184.39,41506690
2023-04-19,184.33,185.32,180.3,182.01,47950670
2023-04-20,182.03,182.72,178.64,181.74,38613080
2023-04-21,182.0,183.49,181.21,181.72,20942550
2023-04-24,181.48,183.88,170.63,181.56,44375970
2023-04-25,181.5,182.11,178.0,178.93,29273380
2023-04-26,179.05,179.84,178.03,178.38,16609200
2023-04-27,178.24,184.87,177.62,183.95,49286970
2023-04-28,184.4,185.0,179.64,181.13,38845710
2023-05-02,181.0,181.86,175.8,177.97,33096090
2023-05-03,177.76,177.79,172.15,172.87,37664120
2023-05-04,173.23,174.24,172.01,173.66,20471210
2023-05-05,173.66,175.48,171.16,172.09,22696940
2023-05-08,172.6,172.91,170.65,170.84,11491060
2023-05-10,171.3,176.74,171.12,175.53,50981740
2023-05-11,176.19,178.11,171.61,174.13,50340780
2023-05-12,174.3,175.0,172.61,173.95,23451420
2023-05-15,174.69,179.83,173.2,179.04,56172480
2023-05-16,179.9,181.8,176.73,177.05,51242280
2023-05-17,176.9,178.38,174.72,176.3,37026420
2023-05-18,176.45,177.62,174.6,175.26,34013060
2023-05-19,174.95,175.09,172.86,174.43,31830910
2023-05-22,175.22,175.5,170.85,172.47,43986730
2023-05-23,172.88,179.6,165.1,166.59,180771400
2023-05-24,165.51,166.3,161.84,162.96,65947320
2023-05-25,163.0,163.0,160.47,162.3,39403460
2023-05-26,162.0,165.4,161.69,164.48,37679970
2023-05-29,165.9,167.05,162.45,163.6,34102090
2023-05-30,162.15,165.4,161.5,161.9,40687470
2023-05-31,161.51,163.3,160.9,162.94,22984880
2023-06-01,162.9,163.47,161.5,161.55,18719310
2023-06-02,161.01,163.4,161.01,162.58,16843170
2023-06-05,162.58,164.6,161.6,162.47,29606900
2023-06-06,162.0,163.85,161.69,163.16,18296880
2023-06-07,163.2,165.87,162.67,164.65,32420190
2023-06-08,164.65,166.6,164.14,166.18,21633750
2023-06-09,166.48,167.81,164.94,165.58,20740950
2023-06-13,165.62,168.54,165.62,168.43,23323940
2023-06-14,168.63,169.38,167.01,167.88,18772800
2023-06-15,168.0,172.0,166.66,171.86,45115400
2023-06-16,171.85,172.46,169.22,169.87,25354110
2023-06-19,170.48,171.5,168.3,170.19,23524920
2023-06-20,170.08,170.97,168.42,169.64,18394650
2023-06-21,170.18,171.78,169.16,170.2,19263530
2023-06-22,170.0,170.55,167.73,168.41,17241690
2023-06-23,168.19,168.94,165.21,165.8,31230930
2023-06-26,167.52,168.6,165.0,166.91,27845180
2023-06-27,167.42,167.45,166.0,166.45,13933250
2023-06-28,166.7,168.64,166.05,168.05,16798010
2023-06-29,168.05,169.89,167.5,167.88,18384430
2023-06-30,167.2,167.7,166.3,166.86,15690440
2023-07-03,167.29,167.8,166.7,166.82,10691490
2023-07-04,166.9,167.0,165.26,165.5,14891330
2023-07-05,166.01,166.65,165.02,165.71,14587340
2023-07-06,166.0,167.28,165.91,166.36,15375700
2023-07-07,166.5,166.81,165.8,166.34,10246700
2023-07-10,167.6,168.75,166.93,167.59,19521720
2023-07-11,167.6,169.0,167.12,168.85,16276140
2023-07-12,168.99,170.79,168.93,170.3,24651530
2023-07-13,170.51,170.93,168.12,168.96,19970470
2023-07-14,168.56,170.0,168.3,169.7,12111020
2023-07-17,169.0,171.6,168.61,170.63,24594290
2023-07-18,171.0,175.27,170.67,174.89,47642660
2023-07-19,175.5,175.7,172.51,173.04,32568590
2023-07-20,172.68,173.19,168.55,169.92,29217050
2023-07-21,170.31,171.97,169.77,171.19,16817830
2023-07-24,171.3,172.5,170.69,171.98,15265810
2023-07-25,172.2,172.7,171.4,171.86,13979060
2023-07-26,171.86,171.93,170.31,171.35,14922820
2023-07-27,171.64,173.1,171.35,172.0,16977850
2023-07-28,171.9,172.4,170.0,171.44,15616780
2023-07-31,171.98,175.14,171.8,174.33,40474660
2023-08-01,175.1,175.44,172.38,173.21,35445070
2023-08-02,172.9,175.21,172.5,174.07,34736230
2023-08-03,173.94,177.35,173.15,177.1,60808220
2023-08-04,177.0,177.88,172.8,173.46,65999320
2023-08-07,174.25,175.3,171.05,172.52,31870860
2023-08-08,172.2,173.64,170.6,172.71,29094830
2023-08-09,173.5,175.0,171.69,174.51,31584180
2023-08-10,175.22,177.1,175.0,176.65,50886330
2023-08-11,176.79,177.0,175.21,176.35,23562150
2023-08-14,178.0,183.89,175.53,177.09,163423360
2023-08-15,175.53,179.35,175.02,176.16,70539510
2023-08-16,176.23,177.1,172.9,174.14,48782530
2023-08-17,174.71,174.95,172.8,174.14,25823720
2023-08-18,174.3,175.71,173.12,175.48,19434880
2023-08-21,176.23,177.7,175.76,176.36,27050170
2023-08-22,176.4,177.0,175.18,176.48,18200810
2023-08-23,176.79,176.93,173.02,173.65,29092300
2023-08-24,174.05,175.92,173.62,174.97,16660510
2023-08-25,175.05,175.35,174.11,174.7,16900260
2023-08-28,174.75,176.8,174.75,176.2,25295280
2023-08-29,176.39,181.37,175.5,178.69,100349910
2023-08-30,178.9,178.9,176.77,177.47,37475940
2023-08-31,178.0,179.14,177.15,177.99,26372180
2023-09-01,178.0,178.85,177.6,178.22,17217010
2023-09-04,179.31,181.81,178.84,181.11,46306690
2023-09-05,181.2,182.8,179.0,182.48,57327070
2023-09-06,183.19,184.0,180.63,180.96,45647780
2023-09-07,180.95,181.68,176.5,177.64,51507780
2023-09-08,177.94,178.17,175.51,175.95,30580330
2023-09-11,176.02,177.44,174.02,174.64,26939270
2023-09-12,175.23,177.7,174.8,177.62,23280280
2023-09-13,177.8,178.0,174.3,174.94,23907000
2023-09-14,175.25,175.39,173.06,173.52,35295220
2023-09-15,173.5,174.76,173.25,173.79,18926830
2023-09-18,174.48,174.66,172.05,172.8,20549190
2023-09-19,172.99,173.94,168.6,168.93,43228590
2023-09-20,169.3,170.25,167.1,169.11,34236440
2023-09-21,168.5,169.38,165.72,165.85,30389420
2023-09-22,166.12,167.0,165.1,166.7,22550620
2023-09-25,166.7,168.05,165.2,165.87,24330710
2023-09-26,165.83,165.85,163.51,165.36,26742780
2023-09-27,165.8,166.92,165.11,165.53,18538940
2023-09-28,165.93,169.77,165.31,169.58,28834110
2023-09-29,169.2,170.39,166.6,167.09,35987790
2023-10-02,167.83,168.86,165.51,166.08,24391830
2023-10-03,166.0,167.25,164.81,166.75,17376720
2023-10-04,166.61,167.59,165.15,165.4,20157430
2023-10-05,165.7,166.1,164.84,166.06,15310360
2023-10-06,166.29,166.86,165.1,166.59,18321670
2023-10-09,167.3,167.97,166.62,167.06,21747660
2023-10-10,167.37,168.8,166.86,168.03,18583580
2023-10-11,168.5,171.4,167.3,167.89,59982320
2023-10-12,167.9,169.8,167.4,169.5,31850340
2023-10-13,169.9,170.79,167.15,170.2,38618230
2023-10-16,170.5,172.91,170.5,172.55,41588030
2023-10-17,172.75,173.3,171.03,171.97,26755630
2023-10-18,172.67,172.68,168.7,170.18,31942840
2023-10-19,169.97,171.0,168.3,170.38,31739180
2023-10-20,170.38,172.15,169.12,171.39,25370360
2023-10-23,171.8,172.44,169.9,170.39,19946320
2023-10-24,170.4,171.24,169.76,170.19,16175990
2023-10-25,170.2,170.5,169.0,169.62,18127820
2023-10-26,169.99,170.47,168.4,168.45,21080880
2023-10-27,168.36,169.45,167.17,167.26,21573910
2023-10-30,167.26,168.44,166.35,167.16,16443790
2023-10-31,167.0,168.42,166.7,167.88,17254470
2023-11-01,167.88,170.23,167.83,170.08,21107710
2023-11-02,170.44,171.31,168.0,168.18,26482540
2023-11-03,168.2,170.0,167.5,169.19,16647470
2023-11-06,169.05,170.29,168.83,169.48,9341830
2023-11-07,169.1,169.98,167.2,168.53,21854410
2023-11-08,168.8,169.44,168.47,168.49,15410210
2023-11-09,168.5,169.63,167.58,168.16,21016130
2023-11-10,168.23,168.48,167.62,168.25,12991180
2023-11-13,168.25,168.89,167.7,167.85,13608990
2023-11-14,167.27,167.29,165.62,165.86,25406310
2023-11-15,165.8,167.0,165.52,166.46,12828590
2023-11-16,166.26,166.81,165.2,165.48,12945550
2023-11-17,165.4,165.74,163.48,165.31,24194180
2023-11-20,165.2,166.64,164.64,165.51,12648660
2023-11-21,165.4,165.68,164.5,165.15,11427460
2023-11-22,165.3,166.2,164.82,165.37,11543230
2023-11-23,165.37,165.69,164.02,164.11,10824190
2023-11-24,164.2,165.19,164.1,164.71,13584670
2023-11-27,165.19,165.37,162.01,162.79,23704520
2023-11-28,162.91,164.83,161.55,164.21,16819340
2023-11-29,164.0,165.63,162.71,163.17,17322090
2023-11-30,163.17,164.62,162.12,163.23,12315690
2023-12-01,163.22,164.22,162.56,162.61,10935260
2023-12-04,162.48,162.48,159.81,160.01,22003990
2023-12-05,160.17,161.44,159.1,160.46,15034370
2023-12-06,160.73,161.41,158.5,158.74,15554310
2023-12-07,158.8,164.77,157.26,163.38,48532400
2023-12-08,163.9,164.17,160.5,161.5,20195940
2023-12-11,161.47,167.14,160.19,164.87,53056350
2023-12-12,164.87,165.54,161.82,162.46,25407880
2023-12-13,161.99,164.5,161.82,163.92,13393230
2023-12-14,164.05,164.76,160.81,160.89,16996980
2023-12-15,161.05,164.42,161.02,164.2,23929260
2023-12-18,164.99,167.32,164.99,167.0,33132260
2023-12-19,167.17,168.89,165.12,165.48,38430430
2023-12-20,165.33,165.33,163.12,163.56,27649170
2023-12-21,163.32,163.71,161.19,161.57,26473840
2023-12-22,161.91,163.2,161.62,162.09,15417240
2023-12-25,162.49,162.77,160.4,161.09,22398910
2023-12-26,161.45,161.8,160.77,161.0,18585180
2023-12-27,161.2,161.4,159.81,159.86,23733870
2023-12-28,159.98,160.38,158.22,159.14,24873460
2023-12-29,159.49,160.79,159.14,159.52,19270880
2024-01-03,159.73,161.58,159.73,161.44,8117860
2024-01-04,161.51,161.64,161.0,161.25,4888930
2024-01-05,161.2,162.3,161.07,161.94,8784940
2024-01-08,162.44,163.2,162.0,163.05,11173290
2024-01-09,163.01,163.06,161.77,162.41,9608200
2024-01-10,162.41,163.7,162.0,162.87,10752210
2024-01-11,162.96,162.96,161.93,162.5,13102580
2024-01-12,162.52,163.98,162.2,163.37,14760600
2024-01-15,163.8,164.4,163.26,163.34,11074540
2024-01-16,163.2,164.18,162.37,163.22,12202210
2024-01-17,163.48,164.2,163.0,164.04,8673260
2024-01-18,164.12,167.55,164.12,166.52,39396100
2024-01-19,166.52,167.62,165.2,165.9,23573690
2024-01-22,165.98,167.0,165.26,166.06,13014740
2024-01-23,166.49,168.96,165.6,168.31,29371870
2024-01-24,168.36,168.63,166.2,166.36,18385460
2024-01-25,166.36,166.94,165.36,165.42,16186240
2024-01-26,165.65,165.95,163.65,163.99,21001700
2024-01-29,164.0,164.49,162.85,163.5,17106520
2024-01-30,163.31,163.79,162.71,163.22,17847070
2024-01-31,163.42,166.48,162.9,166.33,39753230
2024-02-01,166.75,166.75,164.8,165.25,20908970
2024-02-02,165.15,167.85,164.4,164.4,32746310
2024-02-05,164.42,165.22,163.55,164.87,18001250
2024-02-06,164.87,165.12,164.04,164.56,13180720
2024-02-07,164.56,165.59,164.34,164.62,16397610
2024-02-08,164.62,164.96,163.1,163.21,17761670
2024-02-09,163.48,163.97,163.2,163.23,12339840
2024-02-12,163.28,163.5,162.21,162.49,17911680
2024-02-13,162.6,163.9,162.0,162.29,15099210
2024-02-14,162.38,162.88,161.07,161.92,22048780
2024-02-15,162.09,162.61,161.31,161.59,16636650
2024-02-16,161.98,162.0,161.1,161.19,17152230
2024-02-19,161.34,162.2,160.84,161.24,13029740
2024-02-20,161.21,161.64,159.16,159.5,21865050
2024-02-21,159.6,160.23,158.3,158.64,22520820
2024-02-22,159.0,159.1,158.0,158.12,17683620
2024-02-26,158.92,160.56,158.85,160.09,16627580
2024-02-27,160.15,160.15,158.81,159.04,12124860
2024-02-28,159.19,162.27,159.05,160.65,33721440
2024-02-29,160.65,162.3,160.0,161.82,18118980
2024-03-01,161.82,163.1,161.18,161.34,18294730
2024-03-04,161.49,162.0,160.86,161.24,16580320
2024-03-05,161.24,161.8,160.23,160.98,14143780
2024-03-06,160.98,162.0,160.5,161.65,13620420
2024-03-07,161.65,162.3,160.75,160.91,14213540
2024-03-11,161.03,161.28,160.51,160.56,15911070
2024-03-12,160.79,163.31,160.56,162.99,26531930
2024-03-13,163.2,163.22,161.1,161.77,19204640
2024-03-14,161.8,161.81,160.53,161.1,14016060
2024-03-15,161.1,161.42,160.04,160.86,14155970
2024-03-18,161.1,161.43,160.31,160.58,14279600
2024-03-19,160.5,161.25,158.04,158.55,38302470
2024-03-20,158.6,158.98,157.75,158.42,21082210
2024-03-21,158.79,159.16,157.87,158.28,18125670
2024-03-22,158.33,158.69,156.0,156.44,28164310
2024-03-25,157.19,158.97,155.75,158.84,26977690
2024-03-26,159.1,159.45,156.9,157.94,28042540
2024-03-27,158.0,158.6,157.2,157.79,11874900
2024-03-28,157.79,157.95,157.04,157.05,10233230
2024-03-29,157.02,157.9,156.51,157.22,16069360
2024-04-01,157.63,158.25,157.43,158.06,16774670
2024-04-02,158.11,164.98,157.51,164.18,72249810
2024-04-03,164.05,165.36,162.12,162.63,43058980
2024-04-04,162.76,164.3,161.52,162.69,30264090
2024-04-05,162.75,164.63,162.1,163.59,22832950
2024-04-08,164.0,164.9,163.57,163.89,16501080
2024-04-09,164.0,165.79,163.49,164.08,29074240
2024-04-10,164.1,165.94,163.59,164.74,23220690
2024-04-11,164.97,166.33,164.15,166.24,30798110
2024-04-12,166.52,166.8,164.69,164.83,26345100
2024-04-15,165.0,165.66,163.27,163.33,21614160
2024-04-16,163.34,164.78,162.65,164.38,19294750
2024-04-17,164.52,165.68,163.78,164.62,20072810
2024-04-18,164.71,166.1,163.85,165.4,17628510
2024-04-19,165.52,168.15,165.0,167.03,36227630
2024-04-22,167.2,167.89,165.55,166.77,26962760
2024-04-23,166.59,167.43,162.62,163.7,34991960
2024-04-24,163.7,164.41,162.62,162.86,20812190
2024-04-25,163.0,164.2,162.67,163.35,14602630
2024-04-26,163.49,164.19,162.11,162.46,23118270
2024-04-27,162.69,166.49,161.7,164.06,31254970
2024-04-29,164.1,165.24,163.83,164.03,7827440
2024-04-30,164.35,164.55,163.22,163.22,7189500
2024-05-02,163.29,165.36,156.38,157.75,117419850
2024-05-03,157.4,157.74,154.0,155.2,66285240
2024-05-06,155.31,155.76,153.0,153.64,27052990
2024-05-07,154.0,154.96,153.5,154.16,16599840
2024-05-08,154.21,154.75,154.16,154.22,9624330
2024-05-10,154.22,154.89,154.22,154.58,5027180
2024-05-13,155.2,158.65,154.91,157.9,36528160
2024-05-14,157.98,158.4,155.82,156.16,18712660
2024-05-15,156.31,157.29,154.91,156.97,27244510
2024-05-16,157.0,158.1,156.67,157.88,24806910
2024-05-17,158.35,158.35,154.75,155.17,40725570
2024-05-20,155.31,155.69,145.01,145.03,138805570
2024-05-21,144.24,145.68,137.35,139.54,177488970
2024-05-22,139.8,142.2,138.67,139.25,54149780
2024-05-23,139.08,139.08,133.17,134.69,110788890
2024-05-24,134.9,136.45,133.0,133.34,58821300
2024-05-27,134.2,134.69,127.56,128.42,89295170
2024-05-28,128.77,131.75,126.82,128.47,63491780
2024-05-29,129.0,129.82,127.12,128.89,45104880
2024-05-30,129.5,129.53,123.26,124.93,45410680
2024-05-31,125.0,127.92,123.81,126.46,75228150
2024-06-03,126.68,128.61,122.09,124.14,70714210
2024-06-04,124.22,125.16,122.75,125.1,34773460
2024-06-05,125.72,126.5,123.63,124.02,37352190
2024-06-06,124.1,124.94,123.38,123.6,20684110
2024-06-07,123.8,125.82,122.16,122.78,47549190
2024-06-10,123.05,123.64,117.54,119.0,85242800
2024-06-11,119.15,119.34,116.33,117.53,62511320
2024-06-13,113.0,119.93,112.07,119.63,70245160
2024-06-14,119.96,122.01,118.89,121.65,50038450
2024-06-17,122.34,122.68,120.79,121.54,28884630
2024-06-18,121.54,122.04,117.18,118.02,40921970
2024-06-19,118.02,118.5,112.54,113.85,74701120
2024-06-20,114.3,116.39,110.0,115.92,176304340
2024-06-21,116.0,117.25,114.14,115.4,45955860
2024-06-24,115.4,116.35,113.2,113.67,27459870
2024-06-25,114.01,115.09,112.46,114.97,32091500
2024-06-26,115.02,117.25,114.65,117.0,39678830
2024-06-27,117.05,118.37,115.4,115.65,30930680
2024-06-28,116.33,116.65,114.88,115.94,23970340
2024-07-01,116.0,121.82,116.0,121.4,59999040
2024-07-02,121.4,127.25,120.76,126.2,130099950
2024-07-03,126.22,129.45,124.14,124.96,165369260
2024-07-04,125.0,126.8,121.7,122.17,80922630
2024-07-05,122.01,127.0,121.2,126.74,124619040
2024-07-08,127.5,128.84,125.25,127.74,89852870
2024-07-09,128.0,128.97,123.15,124.05,90409910
2024-07-10,123.98,125.0,117.75,117.81,99730430
2024-07-11,117.6,122.7,117.6,121.75,72196900
2024-07-12,121.9,122.47,118.23,119.65,48210120
2024-07-15,120.0,120.99,118.52,119.28,40528050
2024-07-16,119.28,126.01,118.61,124.74,93665430
2024-07-17,125.23,126.83,123.21,124.46,67304690
2024-07-18,124.46,129.85,123.38,129.81,89804920
2024-07-19,130.1,132.47,128.79,130.88,92987450
2024-07-22,131.96,132.81,130.28,131.61,53280240
2024-07-23,131.65,135.0,129.57,134.07,69161410
2024-07-24,134.07,137.28,133.42,136.73,64078490
2024-07-25,136.75,137.14,134.87,135.1,41046810
2024-07-26,135.1,136.68,132.59,135.0,82134230
2024-07-29,134.49,134.77,130.12,130.99,64635080
2024-07-30,130.8,134.07,130.46,132.4,53203780
2024-07-31,132.32,134.49,132.01,133.31,48397120
2024-08-01,133.48,134.35,131.51,132.05,29614440
2024-08-02,132.05,132.6,129.66,131.45,40721860
2024-08-05,129.05,130.54,127.0,127.25,59664760
2024-08-06,128.39,129.6,127.34,128.7,37177160
2024-08-07,128.87,130.34,126.18,129.84,61768160
2024-08-08,130.01,130.91,127.36,128.14,39306320
2024-08-09,128.01,129.76,127.27,128.64,29420480
2024-08-12,128.39,129.35,127.11,128.71,25827740
2024-08-13,128.72,130.8,128.72,130.49,23818940
2024-08-14,130.8,131.49,129.51,129.84,21740580
2024-08-15,129.99,130.31,127.01,127.6,25727960
2024-08-16,127.6,128.24,125.26,126.36,30450500
2024-08-19,126.4,127.69,125.21,126.29,30525030
2024-08-20,126.29,127.64,125.33,125.85,28180250
2024-08-21,125.46,126.4,123.03,123.38,35983860
2024-08-22,123.39,123.97,117.84,118.51,56198040
2024-08-23,118.2,119.24,115.0,116.81,60663060
2024-08-26,119.5,128.01,119.49,126.8,123258220
2024-08-27,127.3,127.98,122.52,124.47,92790430
2024-08-28,124.34,125.67,121.0,124.51,71155350
2024-08-29,124.5,130.91,123.55,130.27,165047240
2024-08-30,130.89,131.3,122.6,122.97,121617930
2024-09-02,122.9,124.73,121.43,123.86,82918950
2024-09-03,124.2,125.5,118.6,120.6,84484940
2024-09-04,120.6,122.9,119.66,122.46,45807220
2024-09-05,123.5,124.95,121.54,123.76,50102670
2024-09-06,123.76,124.6,122.26,123.0,24886060
2024-09-09,123.62,125.48,123.2,125.04,31700150
2024-09-10,125.5,125.96,122.82,123.44,28019560
2024-09-11,123.4,123.67,121.35,121.62,22183380
2024-09-12,121.6,121.84,117.32,118.78,46788690
2024-09-13,118.79,119.97,116.01,119.91,55825340
2024-09-16,120.6,122.62,119.52,121.73,38854810
2024-09-17,121.91,123.47,120.17,123.1,36877510
2024-09-18,122.53,123.9,121.9,122.18,30649560
2024-09-19,121.9,123.39,121.21,122.24,43382140
2024-09-20,122.3,123.18,121.86,122.4,28518020
2024-09-23,122.65,130.8,122.62,130.35,138227980
2024-09-24,130.9,139.9,130.66,139.71,296528780
2024-09-25,140.5,140.99,134.29,135.44,150051920
2024-09-26,134.91,138.48,133.64,137.35,131197240
2024-09-27,137.55,141.77,136.4,140.5,86225140
2024-09-30,140.5,144.2,136.82,138.19,237070920
2024-10-01,137.9,139.2,134.44,136.21,98557620
2024-10-02,136.22,137.16,131.7,132.12,66820150
2024-10-03,131.6,134.16,130.32,133.87,57363130
2024-10-04,134.06,134.49,132.03,133.32,28796380
2024-10-07,133.32,133.66,131.6,133.5,25456730
2024-10-08,133.11,134.88,132.9,133.83,32048400
2024-10-09,133.77,133.92,131.5,132.51,19471090
2024-10-10,132.5,133.49,132.15,132.69,17588930
2024-10-11,132.94,132.94,131.52,131.82,21593520
2024-10-14,131.5,133.35,130.51,131.92,34766880
2024-10-15,131.85,134.4,131.43,133.97,28313540
2024-10-16,134.03,138.8,133.96,137.24,78152550
2024-10-17,137.49,138.29,134.8,136.05,49328930
2024-10-18,136.27,137.3,134.8,135.67,26454740
2024-10-21,135.68,136.6,135.11,135.97,19256570
2024-10-22,136.12,140.08,135.51,136.24,55318450
2024-10-23,136.0,137.5,134.13,134.76,35901510
2024-10-24,134.94,135.2,132.15,134.12,28816490
2024-10-25,134.15,136.5,132.0,133.0,55157550
2024-10-28,131.98,132.26,123.5,124.87,80459410
2024-10-29,125.12,126.96,121.85,125.97,67274150
2024-10-30,126.16,127.2,123.52,123.8,35262440
2024-10-31,123.16,124.94,122.25,123.44,34777610
2024-11-01,123.8,125.67,122.71,125.6,24664670
2024-11-02,125.74,129.3,125.01,128.7,32521880
2024-11-05,129.0,129.37,127.37,128.77,23073860
2024-11-06,133.11,136.59,130.4,131.92,109221520
2024-11-07,131.85,135.54,129.65,135.52,52608800
2024-11-08,135.8,137.0,133.64,135.9,64515570
2024-11-11,137.2,138.33,135.24,138.12,45791540
2024-11-12,137.82,137.82,134.64,135.16,33078360
2024-11-13,134.9,136.65,132.27,132.6,32556660
2024-11-14,132.02,133.34,130.67,131.61,40544900
2024-11-15,131.61,134.0,131.02,133.37,48146470
2024-11-18,129.5,130.73,128.75,129.12,60407760
2024-11-19,128.98,129.38,123.8,125.49,59160940
2024-11-20,126.0,126.78,120.36,121.89,61761810
2024-11-21,122.2,124.35,119.62,124.1,77481690
2024-11-22,124.25,124.32,118.4,119.47,72089820
2024-11-25,119.5,120.45,116.06,117.44,53827410
2024-11-26,117.25,119.43,114.01,114.5,58959310
2024-11-27,115.0,119.81,112.34,119.41,93159920
2024-11-28,120.0,121.5,118.25,120.29,54425530
2024-11-29,120.29,124.9,119.6,124.29,73153340
2024-12-02,125.0,125.45,123.51,123.9,42710420
2024-12-03,123.9,124.0,120.71,121.48,34810040
2024-12-04,121.5,123.46,114.13,115.3,87366410
2024-12-05,115.8,117.46,113.0,116.63,94830050
2024-12-06,117.17,117.32,113.9,114.99,48053970
2024-12-09,115.76,117.86,115.0,117.06,41851750
2024-12-10,117.4,117.47,114.5,114.7,38672000
2024-12-11,114.6,116.0,113.75,115.16,47568650
2024-12-12,115.16,115.4,113.0,113.1,40241950
2024-12-13,113.0,114.2,112.46,112.86,34353520
2024-12-16,112.69,112.8,108.11,108.71,78161020
2024-12-17,108.72,109.47,106.1,107.26,67650770
2024-12-18,107.46,108.57,105.22,108.05,79060770
2024-12-19,108.0,111.16,106.0,107.16,164458790
2024-12-20,107.16,116.42,106.88,115.24,155013740
2024-12-23,117.18,120.99,116.58,119.75,96363630
2024-12-24,119.97,123.25,118.48,121.7,109011190
2024-12-25,121.71,128.71,121.12,128.11,168881530
2024-12-26,128.4,129.6,125.72,126.89,103442830
2024-12-27,126.89,128.3,126.41,127.79,49876270
2024-12-28,127.79,130.0,127.7,129.6,53033190
2024-12-30,130.05,133.36,130.05,133.12,52862990
